hero_name,level,talent_name
Alarak,1,AlarakExtendedLightning
Alarak,1,AlarakOverwhelmingPowerDiscordStrike
Alarak,1,AlarakRuthlessMomentum
Alarak,4,AlarakChaosReigns
Alarak,4,AlarakNegativelyCharged
Alarak,4,AlarakShowofForce
Alarak,7,AlarakAppliedForce
Alarak,7,AlarakDissonance
Alarak,7,AlarakHinderedMotion
Alarak,10,AlarakDeadlyChargeFirstHeroic
Alarak,10,AlarakExtendedLightning
Alarak,10,AlarakHeroicAbilityCounterStrike
Alarak,13,AlarakBladeoftheHighlord
Alarak,13,AlarakLethalOnslaughtDiscordStrike
Alarak,13,AlarakPureMalice
Alarak,13,AlarakRiteofRakShir
Alarak,13,AlarakShowofForce
Alarak,16,AlarakCounterStrikeItem
Alarak,16,AlarakHeroicAbilityCounterStrike
Alarak,16,AlarakLightningBarrage
Alarak,16,AlarakMockingStrikes
Alarak,16,AlarakWrathOfTheHighlord
Alarak,20,AlarakDeadlyChargeSecondHeroic
Alarak,20,AlarakHastyBargain
Alarak,20,AlarakLastLaugh
Alarak,20,AlarakMightOfTheHighlord
Alexstrasza,1,AlexstraszaCircleOfLifeAbundance
Alexstrasza,1,AlexstraszaFlamesOfFuryFlameBuffet
Alexstrasza,1,AlexstraszaLiveAndLetLiveGiftOfLife
Alexstrasza,4,AlexstraszaExuberance
Alexstrasza,4,AlexstraszaHeatExhaustionFlameBuffet
Alexstrasza,4,AlexstraszaSurgeOfVitalityAbundance
Alexstrasza,7,AlexstraszaFireWithinFlameBuffet
Alexstrasza,7,AlexstraszaLifeblossomGiftOfLife
Alexstrasza,7,AlexstraszaVerdantFlourishAbundance
Alexstrasza,10,AlexstraszaCleansingFlame
Alexstrasza,10,AlexstraszaLifebinder
Alexstrasza,13,AlexstraszaDragonScales
Alexstrasza,13,AlexstraszaLifebinder
Alexstrasza,13,AlexstraszaLifeUnbound
Alexstrasza,13,AlexstraszaPacify
Alexstrasza,13,AlexstraszaToughLoveGiftOfLife
Alexstrasza,16,AlexstraszaDraconicDisciplineDragonqueen
Alexstrasza,16,AlexstraszaOverprotectiveAbundance
Alexstrasza,16,AlexstraszaRitualOfLife
Alexstrasza,20,AlexstraszaAncientFlameFlameBuffet
Alexstrasza,20,AlexstraszaBlessingOfTheRed
Alexstrasza,20,AlexstraszaOnRubyWingsCleansingFlame
Ana,1,AnaBioticGrenadeContactHealing
Ana,1,AnaShrikeVampiricRounds
Ana,1,AnaSleepingDartSlumberShells
Ana,4,AnaBioticGrenadeBioticEnhancements
Ana,4,AnaDebilitatingDart
Ana,4,AnaOverdose
Ana,7,AnaBioticGrenadeAntiHealer
Ana,7,AnaMindNumbingAgent
Ana,7,AnaSleepDartNightTerrors
Ana,10,AnaHeroicAbilityEyeOfHorus
Ana,10,AnaHeroicAbilityNanaBoost
Ana,13,AnaHealingDartPurifyingDarts
Ana,13,AnaHealingDartSharpshooter
Ana,13,AnaHealingDartSmellingSalts
Ana,13,AnaHealingDartSpeedSerum
Ana,16,AnaDetachableBoxMagazine
Ana,16,AnaHealingDartConcentratedDoses
Ana,16,AnaNanoInfusion
Ana,20,AnaDynamicOptics
Ana,20,AnaEyeOfHorusDeadeye
Ana,20,AnaShrikeArmoredStance
Anduin,1,AnduinDivineStarPowerWordShield
Anduin,1,AnduinFlashHealEvenhandedBlessings
Anduin,1,AnduinLightwell
Anduin,4,AnduinDivineStarMoralCompass
Anduin,4,AnduinPiercingLight
Anduin,4,AnduinSurgeofLight
Anduin,7,AnduinBlessedRecovery
Anduin,7,AnduinFlashHealBindingHeal
Anduin,7,AnduinFlashHealDesperatePrayer
Anduin,10,AnduinHolyWordSalvation
Anduin,10,AnduinLightBomb
Anduin,13,AnduinDivineStarSpeedOfThePious
Anduin,13,AnduinFlashHealRenew
Anduin,13,AnduinLeapOfFaithEnchantBootsLionsSpeed
Anduin,13,AnduinPushForward
Anduin,16,AnduinDivineStarHolyNova
Anduin,16,AnduinFlashHealInnerFocus
Anduin,16,AnduinLeapOfFaithGlyphOfFaith
Anduin,20,AnduinCensure
Anduin,20,AnduinHolyWordSalvationLightOfStormwind
Anduin,20,AnduinInnerFire
Anduin,20,AnduinVariansLegacy
Anub'arak,1,AnubarakCombatStyleLegionOfBeetles
Anub'arak,1,AnubarakNerubianArmor
Anub'arak,1,GenericTalentRegenerationMaster
Anub'arak,4,AnubarakMasteryBedOfBarbs
Anub'arak,4,AnubarakMasteryShedExoskeletonHardenCarapace
Anub'arak,4,AnubarakMasteryUnderkingBurrowCharge
Anub'arak,7,AnubarakCombatStyleChitinousPlating
Anub'arak,7,AnubarakMasteryLeechingScarabs
Anub'arak,7,AnubarakSubterraneanShield
Anub'arak,10,AnubarakHeroicAbilityCocoon
Anub'arak,10,AnubarakLocustSwarm
Anub'arak,13,AnubarakAcidDrenchedMandibles
Anub'arak,13,AnubarakBurningBeetles
Anub'arak,13,AnubarakMasteryEpicenterBurrowCharge
Anub'arak,13,AnubarakMasteryUrticatingSpines
Anub'arak,16,AnubarakDebilitation
Anub'arak,16,AnubarakLocustSwarmHiveMaster
Anub'arak,16,AnubarakScarabHostBeetleJuiced
Anub'arak,20,AnubarakCocoonCryptweave
Anub'arak,20,AnubarakTheTraitorKing
Anub'arak,20,GenericTalentRewind
Artanis,1,ArtanisProtectorOfAiur
Artanis,1,ArtanisTwinBladesAmateurOpponent
Artanis,1,ArtanisTwinBladesReactiveParry
Artanis,4,ArtanisPhasePrismPsionicSynergy
Artanis,4,ArtanisShieldOverloadShieldBattery
Artanis,4,ArtanisShieldOverloadShieldSurge
Artanis,7,ArtanisBladeDashSolariteReaper
Artanis,7,ArtanisFinalCut
Artanis,7,ArtanisPhasePrismChronoSurge
Artanis,10,ArtanisHeroicAbilitySpearofAdunPurifierBeam
Artanis,10,ArtanisHeroicAbilitySpearofAdunSuppressionPulse
Artanis,13,ArtanisBladeDashTemplarsZeal
Artanis,13,ArtanisPhasePrismGravitonVortex
Artanis,13,ArtanisShieldOverloadPhaseBulwark
Artanis,13,ArtanisTwinBladesTripleStrike
Artanis,16,ArtanisShieldOverloadForceofWill
Artanis,16,ArtanisTwinBladesBladesofaTemplar
Artanis,16,ArtanisTwinBladesTitanKiller
Artanis,20,ArtanisPlasmaBurn
Artanis,20,ArtanisSpearofAdunPurifierBeamTargetPurified
Artanis,20,ArtanisSpearofAdunSuppressionPulseOrbitalBombardment
Artanis,20,ArtanisTwinBladesZealotCharge
Arthas,1,ArthasMasteryEternalHungerFrostmourneHungers
Arthas,1,ArthasMasteryFrostPresenceHowlingBlast
Arthas,1,ArthasRime
Arthas,4,ArthasDeathlord
Arthas,4,ArthasIcyTalons
Arthas,4,ArthasMasteryFrostPresenceHowlingBlast
Arthas,4,ArthasMasteryFrozenWastesFrozenTempest
Arthas,7,ArthasIceboundFortitude
Arthas,7,ArthasIcyTalons
Arthas,7,ArthasMasteryImmortalCoilDeathCoil
Arthas,7,ArthasRuneTap
Arthas,10,ArthasHeroicAbilityArmyoftheDead
Arthas,10,ArthasHeroicAbilitySummonSindragosa
Arthas,10,ArthasRuneTap
Arthas,13,ArthasMasteryBitingColdFrozenTempest
Arthas,13,ArthasMasteryEmbraceDeathDeathCoil
Arthas,13,ArthasMasteryFrostStrikeFrostmourneHungers
Arthas,13,ArthasShatteredArmor
Arthas,16,ArthasMasteryFrostmourneFeedsFrostmourneHungers
Arthas,16,ArthasMasteryLegionOfNorthrendArmyoftheDead
Arthas,16,ArthasMasteryRemorselessWinterFrozenTempest
Arthas,20,ArthasAntiMagicShell
Arthas,20,ArthasDeathsAdvance
Arthas,20,ArthasMasteryAbsoluteZeroSummonSindragosa
Auriel,1,AurielIncreasingClaritySacredSweepTalent
Auriel,1,AurielRighteousAssaultSacredSweepTalent
Auriel,1,AurielSearingLightRayOfHeavenTalent
Auriel,4,AurielHeavyBurdenDetainmentStrikeTalent
Auriel,4,AurielMajesticSpanSacredSweepTalent
Auriel,4,AurielRepeatedOffenseDetainmentStrikeTalent
Auriel,4,AurielSearingLightRayOfHeavenTalent
Auriel,7,AurielEmpathicLinkBestowHopeTalent
Auriel,7,AurielEnergizedCordRayOfHeavenTalent
Auriel,7,AurielGlimmerofHopeRayOfHeavenTalent
Auriel,7,AurielMajesticSpanSacredSweepTalent
Auriel,10,AurielEnergizedCordRayOfHeavenTalent
Auriel,10,AurielHeroicCrystalAegis
Auriel,10,AurielHeroicResurrect
Auriel,13,AurielBlindingFlashSacredSweepTalent
Auriel,13,AurielConvergingForceSacredSweepTalent
Auriel,13,AurielHeroicCrystalAegis
Auriel,13,AurielPiercingLashDetainmentStrikeTalent
Auriel,13,AurielReservoirofHopeRayOfHeavenTalent
Auriel,16,AurielBlindingFlashSacredSweepTalent
Auriel,16,AurielLightSpeedResurrectTalent
Auriel,16,AurielWillofHeavenBestowHopeTalent
Auriel,16,AurielWrathofHeavenBestowHopeTalent
Auriel,20,AurielAngelicFlightTalent
Auriel,20,AurielDiamondResolveCrystalAegisTalent
Auriel,20,AurielShieldOfHopeTalent
Azmodan,1,AzmodanGluttony
Azmodan,1,AzmodanGreed
Azmodan,1,AzmodanWrath
Azmodan,4,AzmodanArmyOfHell
Azmodan,4,AzmodanBattleborn
Azmodan,4,AzmodanHellforgedArmor
Azmodan,7,AzmodanArtOfChaos
Azmodan,7,AzmodanBombardment
Azmodan,7,AzmodanMasterofDestruction
Azmodan,10,AzmodanHeroicAbilityDemonicInvasion
Azmodan,10,AzmodanTideOfSin
Azmodan,13,AzmodanBrutishVanguard
Azmodan,13,AzmodanChainOfCommand
Azmodan,13,AzmodanCydaeasKiss
Azmodan,13,AzmodanTotalAnnihilation
Azmodan,16,AzmodanHellRift
Azmodan,16,AzmodanSiegebreaker
Azmodan,16,AzmodanTrample
Azmodan,20,AzmodanBlackPool
Azmodan,20,AzmodanPride
Azmodan,20,AzmodanSinsGrasp
Blaze,1,FirebatAdrenalineStimpack
Blaze,1,FirebatEnduranceStimpack
Blaze,1,FirebatNeuralStimpack
Blaze,4,FirebatIgniteMeltdown
Blaze,4,FirebatNewHabits
Blaze,4,FirebatOilSpillOilDispersal
Blaze,7,FirebatFlameStreamSuppressiveFire
Blaze,7,FirebatOilSpillNanomachineCoating
Blaze,7,FirebatWeaponIncineratorGauntlets
Blaze,10,FirebatHeroicAbilityBunkerDrop
Blaze,10,FirebatJetPropulsionFuelLeak
Blaze,13,FirebatHeroicAbilityCombustion
Blaze,13,FirebatJetPropulsionCollisionCourse
Blaze,13,FirebatOilSpillAdhesivePetroleum
Blaze,13,FirebatOilSpillGrillandKill
Blaze,16,FirebatActiveJuggernautPlating
Blaze,16,FirebatIgniteHeatTreatment
Blaze,16,FirebatJetPropulsionThermalProtection
Blaze,20,FirebatActiveJuggernautPlating
Blaze,20,FirebatBunkerDropFortifiedBunker
Blaze,20,FirebatCombustionFlashFire
Blaze,20,FirebatWeaponBurnNotice
Brightwing,1,BrightwingGreaterPolymorphPolymorph
Brightwing,1,BrightwingPhaseShiftHyperShift
Brightwing,1,BrightwingPixieCharm
Brightwing,4,BrightwingDreamShotArcaneFlare
Brightwing,4,BrightwingMagicSpit
Brightwing,4,BrightwingUnstableAnomalyPolymorph
Brightwing,7,BrightwingArcaneFlareStickyFlare
Brightwing,7,BrightwingCriticalMistCalmingMist
Brightwing,7,BrightwingPhaseShiftPeekaboo
Brightwing,10,FaerieDragonHeroicAbilityBlinkHeal
Brightwing,10,FaerieDragonHeroicAbilityEmeraldWind
Brightwing,13,BrightwingArcaneFlareHush!
Brightwing,13,BrightwingPixieBoostPixieDust
Brightwing,13,BrightwingPixieDustPixiePower
Brightwing,13,BrightwingPixieDustSafetyDust
Brightwing,16,BrightwingInvisibleFriends
Brightwing,16,BrightwingPhaseOut
Brightwing,16,FaerieDragonMasteryCritterize
Brightwing,20,BrightwingArcaneFlareHush!
Brightwing,20,BrightwingFaerieProtector
Brightwing,20,BrightwingIntensiveWinds
Brightwing,20,BrightwingSpeedyDragon
Brightwing,20,BrightwingUnstableAnomalyPolymorph
Cassia,1,AmazonChargedStrikes
Cassia,1,AmazonImpale
Cassia,1,AmazonThunderstroke
Cassia,4,AmazonImpale
Cassia,4,AmazonInnerLight
Cassia,4,AmazonPlateoftheWhale
Cassia,4,AmazonRingoftheLeech
Cassia,7,AmazonFendGroundingRod
Cassia,7,AmazonRingoftheLeech
Cassia,7,AmazonSeraphsHymn
Cassia,7,AmazonSurgeOfLight
Cassia,10,AmazonBallLightning
Cassia,10,AmazonSurgeOfLight
Cassia,10,AmazonValkyrie
Cassia,13,AmazonBallLightning
Cassia,13,AmazonFendGlovesOfAlacrity
Cassia,13,AmazonFendWarMatron
Cassia,13,AmazonPowerStrike
Cassia,13,AmazonWarTraveler
Cassia,16,AmazonInfiniteLightning
Cassia,16,AmazonMartialLaw
Cassia,16,AmazonStaticElectricity
Cassia,20,Amazon-AvoidanceRockstopper
Cassia,20,AmazonImprisoningLight
Cassia,20,AmazonTitansRevenge
Chen,1,ChenEyeOfTheTiger
Chen,1,ChenFreshestIngredients
Chen,1,ChenStormstoutSecretRecipe
Chen,4,ChenAccumulatingFlame
Chen,4,ChenDeadlyStrike
Chen,4,ChenWitheringFlames
Chen,7,ChenBrewmastersBalance
Chen,7,ChenElusiveBrawler
Chen,7,ChenGiftOfTheOxStagger
Chen,10,ChenHeroicAbilityStormEarthFire
Chen,10,ChenHeroicAbilityWanderingKeg
Chen,13,ChenMasteryFortifyingBrewEnoughToShare
Chen,13,ChenMasteryKegSmashATouchOfHoney
Chen,13,ChenPressurePoint
Chen,13,ChenRingofFire
Chen,16,ChenCelerity
Chen,16,ChenComboStrikes
Chen,16,ChenDeadlyStrike
Chen,16,ChenFlyingLeap
Chen,20,ChenBrewmastersBalance
Chen,20,ChenElementalConduit
Chen,20,ChenEnergizingBrew
Chen,20,ChenMasteryWanderingKegUntappedPotential
Chen,20,ChenPurifyingBrew
Chromie,1,ChromieSandBlastOnceAgainTheFirstTime
Chromie,4,ChromieDragonsBreathDeepBreathing
Chromie,7,ChromieTimewalkersPursuit
Chromie,10,ChromieTimeTrapChronicConditions
Chromie,13,ChromieTimeTrapTimeTroubles
Chromie,16,ChromieTimeTrapAndorhalAnomaly
Chromie,20,ChromieSandBlastBronzeTalons
D.Va,1,DVaFullMetal
D.Va,1,DVaLiquidCooling
D.Va,1,DVaMechProMoves
D.Va,4,DVaBoostersRushdown
D.Va,4,DVaDefenseMatrixAggressionMatrix
D.Va,4,DVaSelfDestructNuclearOption
D.Va,7,DVaBoostersHitTheNitrous
D.Va,7,DVaDefenseMatrixFusionGenerator
D.Va,7,DvaGetOnThePoint
D.Va,10,DVaBunnyHop
D.Va,10,DVaMicroMissiles
D.Va,13,DVaBigShotPewPewPew
D.Va,13,DVaGoodToGo
D.Va,13,DVaInForTheKill
D.Va,13,DVaTargetLocked
D.Va,16,DVaBunnyHopStopAndPop
D.Va,16,DVaDefenseMatrixDivertingPower
D.Va,16,DVaMechEmergencyShielding
D.Va,20,DVaHeadshot
D.Va,20,DVaMechAblativeArmor
D.Va,20,DVaTimingAttack
Deathwing,1,DeathwingDraconicMight
Deathwing,1,DeathwingDragonSoul
Deathwing,1,DeathwingMoltenBlood
Deathwing,4,DeathwingDragonsIre
Deathwing,4,DeathwingHeatWave
Deathwing,4,DeathwingInfernus
Deathwing,7,DeathwingDeathDrop
Deathwing,7,DeathwingFirestorm
Deathwing,7,DeathwingSkyfall
Deathwing,10,DeathwingBellowingRoar
Deathwing,10,DeathwingBurnBeneathMyShadow
Deathwing,13,DeathwingConflagration
Deathwing,13,DeathwingFireAndFury
Deathwing,13,DeathwingRuination
Deathwing,13,DeathwingWickedInferno
Deathwing,16,DeathwingElementiumPlating
Deathwing,16,DeathwingGazeOntoDestruction
Deathwing,16,DeathwingStoodInTheFire
Deathwing,20,DeathwingArrivalOfAGod
Deathwing,20,DeathwingDestroyersRampage
Deckard,1,DeckardFieldStudy
Deckard,1,DeckardGemSapphire
Deckard,1,DeckardScrollOfIdentify
Deckard,4,DeckardGemRuby
Deckard,4,DeckardPotionOfShielding
Deckard,4,DeckardRejuvenationPotion
Deckard,7,DeckardCubeMastery
Deckard,7,DeckardGemEmerald
Deckard,7,DeckardKanaisCube
Deckard,10,DeckardLorenado
Deckard,10,DeckardStayAWhileAndListen
Deckard,13,DeckardAncientBlessings
Deckard,13,DeckardPotionOfRevival
Deckard,13,DeckardScrollOfStoneCurse
Deckard,13,DeckardSuperHealingPotion
Deckard,16,DeckardHoradricStaff
Deckard,16,DeckardRespectTheElderly
Deckard,16,DeckardSafetyInNumbers
Deckard,20,DeckardBottomlessFlask
Deckard,20,DeckardGemRuby
Deckard,20,DeckardMorenados
Deckard,20,DeckardPerfectGems
Dehaka,1,DehakaDarkSwarmTalentEnduringSwarm
Dehaka,1,DehakaEssenceCollectionTalentEnhancedAgility
Dehaka,1,DehakaEssenceCollectionTalentTissueRegeneration
Dehaka,4,DehakaBurrowTalentLurkerStrain
Dehaka,4,DehakaEssenceCollectionOneWhoCollectsTalent
Dehaka,4,DehakaEssenceCollectionTalentHeroStalker
Dehaka,7,DehakaBurrowTalentLurkerStrain
Dehaka,7,DehakaDarkSwarmTalentSymbiosis
Dehaka,7,DehakaDragTalentFeedingFrenzy
Dehaka,7,DehakaDragTalentParalyzingEnzymes
Dehaka,10,DehakaDragTalentFeedingFrenzy
Dehaka,10,DehakaHeroicAbilityAdaptation
Dehaka,10,DehakaHeroicAbilityIsolation
Dehaka,13,DehakaBrushstalkerFerociousStalker
Dehaka,13,DehakaDragTalentElongatedTongue
Dehaka,13,DehakaPrimalRage
Dehaka,13,DehakaPrimalSwarm
Dehaka,16,DehakaIsolationTalentContagion
Dehaka,16,DehakaPackLeaderBrushstalkerTalent
Dehaka,16,DehakaTunnelingClaws
Dehaka,20,DehakaAdaptationChangeIsSurvivalTalent
Dehaka,20,DehakaBrushstalkerApexPredator
Dehaka,20,DehakaBurrowTalentLurkerStrain
Dehaka,20,DehakaEssenceClaws
Diablo,1,DiabloMasteryDevilsDueBlackSoulstone
Diablo,1,DiabloMasteryFeastOnFearBlackSoulstone
Diablo,1,DiabloSoulShield
Diablo,4,DiabloFireStompSoulsToTheFlame
Diablo,4,DiabloLifeLeech
Diablo,4,DiabloShadowChargeSacrificialSoul
Diablo,7,DiabloDiabolicalMomentum
Diablo,7,DiabloMalevolence
Diablo,7,DiabloShadowChargeOverpowerEternalFlames
Diablo,10,DiabloHeroicAbilityApocalypse
Diablo,10,DiabloHeroicAbilityLightningBreath
Diablo,13,DiabloDevastatingCharge
Diablo,13,DiabloHellfire
Diablo,13,DiabloShadowChargeOverpowerCruelty
Diablo,13,DiabloTalentDominationOverpower
Diablo,16,DiabloDebilitatingFlames
Diablo,16,DiabloMasteryDyingBreathApocalypse
Diablo,16,DiabloOverpowerOverpoweringNightmare
Diablo,20,DiabloDevastatingCharge
Diablo,20,DiabloHellgate
Diablo,20,DiabloMasteryHellstormLightningBreath
Diablo,20,DiabloTalentLordOfTerror
E.T.C.,1,ETCBlockParty
E.T.C.,1,ETCMasteryGuitarHero
E.T.C.,1,ETCMasteryProgRock
E.T.C.,4,ETCCrowdSurfer
E.T.C.,4,ETCMasteryGuitarHero
E.T.C.,4,ETCMasterySpeedMetal
E.T.C.,4,L90ETCMasteryFaceMeltLoudSpeakers
E.T.C.,7,ETCCombatStyleEchoPedal
E.T.C.,7,ETCMasteryHammeron
E.T.C.,7,ETCMasterySpeedMetal
E.T.C.,7,L90ETCMasteryFaceMeltPinballWizard
E.T.C.,10,ETCHeroicAbilityMoshPit
E.T.C.,10,ETCHeroicAbilityStageDive
E.T.C.,10,L90ETCMasteryFaceMeltPinballWizard
E.T.C.,13,ETCMasteryEncore
E.T.C.,13,ETCMasteryFaceSmelt
E.T.C.,13,ETCMasteryMicCheck
E.T.C.,13,ETCMasteryShowStopper
E.T.C.,16,ETCMasteryGuitarSoloAggressiveShredding
E.T.C.,16,GenericTalentImposingPresence
E.T.C.,16,L90ETCMasteryMoshPitTourBus
E.T.C.,20,ETCMasteryShowStopper
E.T.C.,20,GenericTalentFlashoftheStorms
E.T.C.,20,GenericTalentStormShield
E.T.C.,20,L90ETCMasteryDeathMetal
E.T.C.,20,L90ETCMasteryStageDiveCrowdPleaser
E.T.C.,20,L90ETCPoweroftheHorde
E.T.C.,20,L90ETCRidetheLightning
Falstad,1,FalstadHammerangGatheringStorm
Falstad,1,FalstadLightningRodDishonorableDischarge
Falstad,1,FalstadTailwindFrequentFlyer
Falstad,4,FalstadMasteryLightningRodStaticShield
Falstad,4,FalstadMasteryUpdraftBarrelRoll
Falstad,4,FalstadTalentHammerGains
Falstad,7,FalstadHammerangBOOMerang
Falstad,7,FalstadMasteryHammerangSecretWeapon
Falstad,7,FalstadMasteryLightningRodChargedUp
Falstad,7,FalstadMasteryLightningRodThunderstrikes
Falstad,10,FalstadHeroicAbilityHinterlandBlast
Falstad,10,FalstadHeroicAbilityMightyGust
Falstad,13,FalstadMasteryBarrelRollFlowRider
Falstad,13,FalstadMasteryCripplingHammerHammerang
Falstad,13,FalstadMasteryLightningRodChargedUp
Falstad,13,FalstadMasteryLightningRodThunderstrikes
Falstad,13,FalstadTailwindSustainedWinds
Falstad,16,FalstadMasteryAerieGustsTailwind
Falstad,16,FalstadMasteryAfterburner
Falstad,16,FalstadMasteryCalloftheWildhammerHinterlandBlast
Falstad,20,FalstadMasteryAerieGustsTailwind
Falstad,20,FalstadMasteryCripplingHammerHammerang
Falstad,20,FalstadMasteryFlightEpicMount
Falstad,20,FalstadMasteryMightyGustWindTunnel
Falstad,20,GenericTalentNexusFrenzy
Fenix,1,FenixAdvancedTargeting
Fenix,1,FenixArsenalSynergy
Fenix,1,FenixMobileOffense
Fenix,4,FenixEmergencyProtocol
Fenix,4,FenixInhibitingEnergy
Fenix,4,FenixTargetAcquired
Fenix,7,FenixCombatAdvantage
Fenix,7,FenixDivertPowerWeaponsTalent
Fenix,7,FenixWarpWarfare
Fenix,10,FenixHeroicAbilityPlanetCracker
Fenix,10,FenixHeroicAbilityPurificationSalvo
Fenix,13,FenixAdaniumShell
Fenix,13,FenixAuxiliaryShields
Fenix,13,FenixDampeningField
Fenix,13,FenixRapidRecharge
Fenix,16,FenixArsenalOvercharge
Fenix,16,FenixOffensiveCadence
Fenix,16,FenixPhotonicWeaponry
Fenix,20,FenixArmageddonBeam
Fenix,20,FenixSecondaryFire
Fenix,20,FenixSingularityCharge
Fenix,20,FenixUnconqueredSpirit
Garrosh,1,GarroshArmorUpBodyCheck
Garrosh,1,GarroshGroundbreakerWarbreaker
Garrosh,1,GarroshWreckingBallUnrivaledStrength
Garrosh,4,GarroshBloodthirstInFortheKill
Garrosh,4,GarroshBloodthirstThirstforBattle
Garrosh,4,GarroshIndomitable
Garrosh,7,GarroshGroundbreakerIntimidation
Garrosh,7,GarroshIntotheFrayLoktarOgar
Garrosh,7,GarroshOppressor
Garrosh,10,GarroshHeroicAbilityDecimate
Garrosh,10,GarroshHeroicAbilityWarlordsChallenge
Garrosh,13,GarroshArmorUpDoubleUp
Garrosh,13,GarroshBloodthirstBloodcraze
Garrosh,13,GarroshGroundbreakerDefensiveMeasures
Garrosh,13,GarroshGroundbreakerMortalCombo
Garrosh,16,GarroshArmorUpSeasonedSoldier
Garrosh,16,GarroshWarlordsChallengeDeathWish
Garrosh,16,GarroshWreckingBallEarthshaker
Garrosh,20,GarroshArmorUpInnerRage
Garrosh,20,GarroshDecimateDeadlyCalm
Garrosh,20,GarroshWreckingBallTitanicMight
Gazlowe,1,GazloweBigGameHunter
Gazlowe,1,GazloweOneManWreckingCrew
Gazlowe,1,GazloweXplodiumChargeRocketBoots
Gazlowe,4,GazloweHyperfocusCoils
Gazlowe,4,GazloweOneManWreckingCrew
Gazlowe,4,GazloweRockItSockIt
Gazlowe,4,TinkerMasteryEZPZDimensionalRipper
Gazlowe,7,GazloweMasterBlaster
Gazlowe,7,GazloweOverload
Gazlowe,7,GazloweRockItSockIt
Gazlowe,7,TinkerMasteryGoblinFusion
Gazlowe,10,TinkerHeroicAbilityGravOBomb3000
Gazlowe,10,TinkerHeroicAbilityRoboGoblin
Gazlowe,10,TinkerMasteryGoblinFusion
Gazlowe,13,GazloweDethLazorFirinMahLazorz
Gazlowe,13,GazloweRockItTurretOverchargedCapacitors
Gazlowe,13,GazloweRockItTurretPositiveReinforcement
Gazlowe,13,GazloweRockItTurretSuperiorSchematics
Gazlowe,13,TinkerHeroicAbilityGravOBomb3000
Gazlowe,16,GazloweOverklock
Gazlowe,16,GazloweXplodiumChargeArkReaktor
Gazlowe,16,TinkerMasteryMechaLord
Gazlowe,20,GazloweXplodiumChargeBombToss
Gazlowe,20,TinkerItsRainingScrap
Gazlowe,20,TinkerMasteryMiniatureBlackHole
Genji,1,GenjiCyberAgilityAgileDismount
Genji,1,GenjiCyberAgilityPathfinder
Genji,1,GenjiSwiftStrikeSwiftAsTheWind
Genji,4,GenjiDeflectDragonClaw
Genji,4,GenjiShurikenShurikenMastery
Genji,4,GenjiSwiftStrikeStrikeAtTheHeart
Genji,7,GenjiCyberAgilityCyberShield
Genji,7,GenjiDeflectAugmentedGuard
Genji,7,GenjiDeflectPerfectDefense
Genji,10,GenjiHeroicDragonblade
Genji,10,GenjiHeroicXStrike
Genji,13,GenjiDeflectReflect
Genji,13,GenjiShurikenShingan
Genji,13,GenjiSwiftStrikeFlowLikeWater
Genji,13,GenjiWayOfTheShimadaTalent
Genji,16,GenjiDragonbladeTheDragonBecomesMe
Genji,16,GenjiSwiftStrikeFinalCut
Genji,16,GenjiSwiftStrikeSteadyBlade
Genji,20,GenjiDeflectZanshin
Genji,20,GenjiShurikenSharpenedStars
Genji,20,GenjiXStrikeLivingWeapon
Greymane,1,GreymaneGilneanCocktailPerfectAim
Greymane,1,GreymaneInnerBeastViciousness
Greymane,1,GreymaneInnerBeastWolfheart
Greymane,4,GreymaneDarkflightThickSkin
Greymane,4,GreymaneDisengageEyesInTheDark
Greymane,4,GreymaneInnerBeastInsatiable
Greymane,7,GreymaneGilneanCocktailIncendiaryElixir
Greymane,7,GreymaneWizenedDuelist
Greymane,7,GreymaneWorgenFormQuicksilverBullets
Greymane,10,GreymaneHeroicAbilityCursedBullet
Greymane,10,GreymaneHeroicAbilityGoForTheThroat
Greymane,13,GreymaneDarkflightDisengageRunningWild
Greymane,13,GreymaneEagerWolf
Greymane,13,GreymaneInnerBeastOnTheProwl
Greymane,13,GreymaneRazorSwipeUnfetteredAssault
Greymane,16,GreymaneGoForTheThroatUnleashed
Greymane,16,GreymaneLordofHisPack
Greymane,16,GreymaneWorgenFormAlphaKiller
Greymane,16,HeroGenericExecutionerPassive
Greymane,20,GreymaneCursedBulletGilneanRoulette
Greymane,20,GreymaneHuntersBlunderbuss
Greymane,20,GreymaneToothAndClaw
Gul'dan,1,GuldanChaoticEnergy
Gul'dan,1,GuldanCorruptionEchoedCorruption
Gul'dan,1,GuldanFelFlamePursuitOfFlame
Gul'dan,4,GuldanConsumeSoul
Gul'dan,4,GuldanDrainLifeHealthFunnel
Gul'dan,4,GuldanLifeTapImprovedLifeTap
Gul'dan,7,GuldanCorruptionCurseOfExhaustion
Gul'dan,7,GuldanFelFlameBoundByShadow
Gul'dan,7,GuldanLifeTapHungerforPower
Gul'dan,10,GuldanHorrify
Gul'dan,10,GuldanRainOfDestruction
Gul'dan,13,GuldanDarkBargain
Gul'dan,13,GuldanDrainLifeHarvestLife
Gul'dan,13,GuldanFelFlameFelArmor
Gul'dan,13,GuldanHealthstone
Gul'dan,16,GuldanCorruptionRuinousAffliction
Gul'dan,16,GuldanFelFlameRampantHellfire
Gul'dan,16,GuldanLifeTapDarknessWithin
Gul'dan,20,GuldanDemonicCircle
Gul'dan,20,GuldanHorrifyHaunt
Gul'dan,20,GuldanRainOfDestructionDeepImpact
Hanzo,1,HanzoRedemption
Hanzo,1,HanzoSimpleGeometry
Hanzo,1,HanzoTargetPractice
Hanzo,4,HanzoExplosiveArrows
Hanzo,4,HanzoIgnoreAllDistractions
Hanzo,4,HanzoSerratedArrows
Hanzo,7,HanzoNeverOutmatched
Hanzo,7,HanzoSharpenedArrowheads
Hanzo,7,HanzoTheDragonHungers
Hanzo,10,HanzoDragonsArrow
Hanzo,10,HanzoDragonstrike
Hanzo,13,HanzoFlawlessTechnique
Hanzo,13,HanzoFleetofFoot
Hanzo,13,HanzoMountedArchery
Hanzo,13,HanzoNinjaAssassin
Hanzo,16,HanzoGiantSlayer
Hanzo,16,HanzoPiercingArrows
Hanzo,16,HanzoRedemption
Hanzo,16,HanzoTheDragonAwakens
Hanzo,20,HanzoBullseye
Hanzo,20,HanzoPerfectAgility
Hanzo,20,HanzoPOTG
Hogger,1,HoggerBonestoGnaw
Hogger,1,HoggerJourneymanCooking
Hogger,1,HoggerOnTheProwl
Hogger,4,HoggerAggroRange
Hogger,4,HoggerBruteForce
Hogger,4,HoggerHoggersJoggers
Hogger,7,HoggerDenseBlastingPowder
Hogger,7,HoggerGarbageFire
Hogger,7,HoggerSeeingRed
Hogger,10,HoggerHoardapult
Hogger,10,HoggerShockwave
Hogger,13,HoggerBloodthirst
Hogger,13,HoggerDustDevil
Hogger,13,HoggerHeadbanger
Hogger,13,HoggerPummel
Hogger,16,HoggerFurzerker
Hogger,16,HoggerKablooie
Hogger,16,HoggerSecretStash
Hogger,20,HoggerAngerManagement
Hogger,20,HoggerNoControl
Hogger,20,HoggerPowerSpike
Illidan,1,IllidanMasteryBatteredAssaultSweepingStrike
Illidan,1,IllidanMasteryImmolationSweepingStrike
Illidan,1,IllidanUnendingHatredPassive
Illidan,4,IllidanCombatStyleHuntersOnslaught
Illidan,4,IllidanReflexiveBlock
Illidan,4,IllidanSweepingStrikesThirstingBlade
Illidan,7,IllidanMasteryFriendOrFoeDive
Illidan,7,IllidanMasteryRapidChaseDive
Illidan,7,IllidanMasteryUnboundSweepingStrike
Illidan,10,IllidanHeroicAbilityMetamorphosis
Illidan,10,IllidanHeroicAbilityTheHunt
Illidan,13,IllidanElusiveStrike
Illidan,13,IllidanMasteryMarkedforDeathDive
Illidan,13,IllidanMasterySixthSenseEvasion
Illidan,13,IllidanNimbleDefender
Illidan,13,IllidanReflexiveBlock
Illidan,16,IllidanBladesOfAzzinoth
Illidan,16,IllidanFieryBrand
Illidan,16,IllidanHeroicAbilityMetamorphosis
Illidan,16,IllidanMasteryDemonicFormMetamorphosis
Illidan,20,GenericTalentFlashoftheStorms
Illidan,20,GenericTalentNexusBlades
Illidan,20,IllidanMasteryNowhereToHideTheHunt
Imperius,1,ImperiusCelestialChargeImpalingLight
Imperius,1,ImperiusSolarionsFireConsumingFlame
Imperius,1,ImperiusValorousBrandBurnTheImpure
Imperius,4,ImperiusMoltenArmorSovereignArmor
Imperius,4,ImperiusPressForward
Imperius,4,ImperiusValorousBrandBattleHunger
Imperius,7,ImperiusCelestialChargeFlashOfAnger
Imperius,7,ImperiusHolyFervor
Imperius,7,ImperiusSolarionsFireBlazeOfGlory
Imperius,10,ImperiusAngelicArmaments
Imperius,10,ImperiusWrathOfTheAngiris
Imperius,13,ImperiusCelestialChargeCelestialSwiftness
Imperius,13,ImperiusCelestialChargePatheticMortals
Imperius,13,ImperiusMoltenArmorDivineRage
Imperius,13,ImperiusMoltenArmorHeatOfBattle
Imperius,16,ImperiusAngelicArmamentsHeavenlyHost
Imperius,16,ImperiusCelestialChargePatheticMortals
Imperius,16,ImperiusMoltenArmorMeltingTouch
Imperius,16,ImperiusValorousPursuit
Imperius,20,ImperiusImpervious
Imperius,20,ImperiusMoltenWrath
Imperius,20,ImperiusValorousBrandBrandOfSolarion
Imperius,20,ImperiusWrathOfTheAngirisUnrelentingDescent
Jaina,1,JainaFingersOfFrost
Jaina,1,JainaFrostbiteLingeringChill
Jaina,1,JainaFrostboltWintersReach
Jaina,4,JainaFrostbiteArcaneIntellect
Jaina,4,JainaFrostbiteFrostArmor
Jaina,4,JainaFrostboltFrostShards
Jaina,7,JainaConeOfColdIceFloes
Jaina,7,JainaFrostboltIceLance
Jaina,7,JainaIcefuryWand
Jaina,10,JainaHeroicRingOfFrost
Jaina,10,JainaHeroicSummonWaterElemental
Jaina,13,JainaBlizzardSnowstorm
Jaina,13,JainaBlizzardStormFront
Jaina,13,JainaFrostbiteIceBarrier
Jaina,13,JainaIcyVeins
Jaina,16,JainaConeOfColdNorthernExposure
Jaina,16,JainaConeOfColdNumbingBlast
Jaina,16,JainaRingOfFrostColdSnap
Jaina,20,JainaFrigidTransmission
Jaina,20,JainaFrostbiteDeepChill
Jaina,20,JainaSummonWaterElementalWintermute
Johanna,1,CrusaderMasteryLawsOfHope
Johanna,1,CrusaderPassiveDivineFortress
Johanna,1,CrusaderZealousGlare
Johanna,4,CrusaderMasteryCondemnEternalRetaliation
Johanna,4,CrusaderMasteryIronSkinHoldYourGround
Johanna,4,CrusaderMasteryPunishSubdue
Johanna,7,CrusaderIronSkinSteedCharge
Johanna,7,CrusaderMasteryCondemnConviction
Johanna,7,CrusaderMasteryShieldGlareSinsExposed
Johanna,10,CrusaderHeroicAbilityBlessedShield
Johanna,10,CrusaderHeroicAbilityFallingSword
Johanna,13,CrusaderBlessedHammer
Johanna,13,CrusaderCondemnShrinkingVacuum
Johanna,13,CrusaderHolyFury
Johanna,13,CrusaderMasteryPunishRoar
Johanna,16,CrusaderBlessedMomentum
Johanna,16,CrusaderMasteryFallingSwordHeavensFury
Johanna,16,CrusaderMasteryShieldGlareHolyRenewal
Johanna,20,CrusaderBlindedByTheLight
Johanna,20,CrusaderHeroicMasteryIndestructable
Johanna,20,CrusaderMasteryBlessedShieldRadiatingFaith
Junkrat,1,JunkratConcussionMineBlowEmUp
Junkrat,1,JunkratFragLauncherExtraWoundTimers
Junkrat,1,JunkratFragLauncherTrickyShuffles
Junkrat,4,JunkratConcussionMineBOOMPOW
Junkrat,4,JunkratFragLauncherTasteForExplosions
Junkrat,4,JunkratFragLauncherTrickyShuffles
Junkrat,4,JunkratSteelTrapChatteringTeeth
Junkrat,7,JunkratConcussionMineBoggedDown
Junkrat,7,JunkratFragLauncherTasteForExplosions
Junkrat,7,JunkratSteelTrapStickyWicket
Junkrat,7,JunkratTotalMayhemDirtyTricksterTalent
Junkrat,10,JunkratConcussionMineBoggedDown
Junkrat,10,JunkratRIPTire
Junkrat,10,JunkratRocketRide
Junkrat,13,JunkratConcussionMineRipperAir
Junkrat,13,JunkratFragLauncherBombsAwayTalent
Junkrat,13,JunkratRocketRide
Junkrat,13,JunkratSteelTrapBigAs
Junkrat,13,JunkratSteelTrapGottaTrapEmAll
Junkrat,16,JunkratFragLauncherBombsAwayTalent
Junkrat,16,JunkratFragLauncherBurstFire
Junkrat,16,JunkratFragLauncherEndlessNades
Junkrat,16,JunkratFragLauncherSpreadVolley
Junkrat,20,JunkratFragLauncherCannonball
Junkrat,20,JunkratFragLauncherSpreadVolley
Junkrat,20,JunkratIHateWaitingTalent
Junkrat,20,JunkratRIPTireExtraOomph
Junkrat,20,JunkratRocketRidePuckishScamp
Kael'thas,1,KaelthasFlamestrikeConvection
Kael'thas,1,KaelthasManaAddict
Kael'thas,1,KaelthasVerdantSpheresFelInfusion
Kael'thas,4,KaelthasFlamestrikeManaTap
Kael'thas,4,KaelthasGravityLapseEnergyRoil
Kael'thas,4,KaelthasGravityLapseNetherWind
Kael'thas,7,KaelthasFlamestrikeBurnedFlesh
Kael'thas,7,KaelthasLivingBombSunKingsFury
Kael'thas,7,KaelthasMasterySunfireEnchantment
Kael'thas,10,KaelthasHeroicAbilityPhoenix
Kael'thas,10,KaelthasHeroicAbilityPyroblast
Kael'thas,13,KaelthasFlamestrikeFuryOfTheSunwell
Kael'thas,13,KaelthasLivingBombBackdraft
Kael'thas,13,KaelthasLivingBombFissionBomb
Kael'thas,13,KaelthasLivingBombPyromaniac
Kael'thas,16,KaelthasLivingBombIgnite
Kael'thas,16,KaelthasPhoenixRebirth
Kael'thas,16,KaelthasTwinSpheres
Kael'thas,20,KaelthasMasterOfFlames
Kael'thas,20,KaelthasMasteryFlamethrower
Kael'thas,20,KaelthasPyroblastPresenceOfMind
Kel'Thuzad,1,KelThuzadBarbedChains
Kel'Thuzad,1,KelThuzadBlightedFrost
Kel'Thuzad,1,KelThuzadThePlaguelands
Kel'Thuzad,4,KelThuzadArchlichArmor
Kel'Thuzad,4,KelThuzadPhylactery
Kel'Thuzad,4,KelThuzadStripShields
Kel'Thuzad,7,KelThuzadAcceleratedDecay
Kel'Thuzad,7,KelThuzadChillingTouch
Kel'Thuzad,7,KelThuzadIceCold
Kel'Thuzad,10,KelThuzadAcceleratedDecay
Kel'Thuzad,10,KelThuzadFrozenTomb
Kel'Thuzad,10,KelThuzadShadowFissure
Kel'Thuzad,13,KelThuzadArcaneEchoes
Kel'Thuzad,13,KelThuzadChainLink
Kel'Thuzad,13,KelThuzadChainsOfIce
Kel'Thuzad,13,KelThuzadIcyGrasp
Kel'Thuzad,16,KelThuzadDeathchill
Kel'Thuzad,16,KelThuzadHungeringCold
Kel'Thuzad,16,KelThuzadPowerOfIcecrown
Kel'Thuzad,20,KelThuzadArcaneEchoes
Kel'Thuzad,20,KelThuzadIceCold
Kel'Thuzad,20,KelThuzadMightOfTheScourge
Kel'Thuzad,20,KelThuzadShiftingMalice
Kel'Thuzad,20,KelThuzadTheDamnedReturn
Kerrigan,1,KerriganAssimilationMastery
Kerrigan,1,KerriganFuryOfTheSwarm
Kerrigan,1,KerriganRavageSiphoningImpact
Kerrigan,4,KerriganImpalingBladesKineticFulmination
Kerrigan,4,KerriganPrimalGraspPsionicPulse
Kerrigan,4,KerriganRavageRavagingFerocity
Kerrigan,4,KerriganRavageSharpenedBlades
Kerrigan,7,KerriganBladedMomentum
Kerrigan,7,KerriganRavageBoundlessFury
Kerrigan,7,KerriganRavageQueenOfBlades
Kerrigan,10,KerriganHeroicAbilityMaelstrom
Kerrigan,10,KerriganHeroicAbilitySummonUltralisk
Kerrigan,13,KerriganAssimilationVolatilePower
Kerrigan,13,KerriganChrysalis
Kerrigan,13,KerriganPrimalGraspPsionicBarrier
Kerrigan,13,KerriganRavageMountingPotency
Kerrigan,16,KerriganImpalingBladesPainfulSpikes
Kerrigan,16,KerriganOmegastormMaelstrom
Kerrigan,16,KerriganUnbridledEnergy
Kerrigan,20,KerriganAssimilationAssimilationBlades
Kerrigan,20,KerriganPsionicShift
Kerrigan,20,KerriganTorrasqueSummonUltralisk
Kharazim,1,MonkInsight
Kharazim,1,MonkIronFists
Kharazim,1,MonkTranscendence
Kharazim,4,MonkAirAlly
Kharazim,4,MonkEarthAlly
Kharazim,4,MonkSpiritAlly
Kharazim,7,MonkBlazingFistsDeadlyReach
Kharazim,7,MonkBlindingSpeedRadiantDash
Kharazim,7,MonkEarthAlly
Kharazim,7,MonkHeavenlyZealBreathofHeaven
Kharazim,10,MonkBlazingFistsDeadlyReach
Kharazim,10,MonkHeroicAbilityDivinePalm
Kharazim,10,MonkHeroicAbilitySevenSidedStrike
Kharazim,13,GenericTalentSpellShield
Kharazim,13,MonkCleansingTouchRadiantDash
Kharazim,13,MonkHeroicAbilitySevenSidedStrike
Kharazim,13,MonkQuicksilverRadiantDash
Kharazim,13,MonkSixthSense
Kharazim,16,MonkEchoofHeavenBreathofHeaven
Kharazim,16,MonkPeacefulReposeDivinePalm
Kharazim,16,MonkQuicksilverRadiantDash
Kharazim,16,MonkWayoftheHundredFistsRadiantDash
Kharazim,20,GenericTalentStormShield
Kharazim,20,MonkElevenSidedStrikeSevenSidedStrike
Kharazim,20,MonkEpiphany
Kharazim,20,MonkFistsofLegendTrait
Leoric,1,LeoricMasteryConsumeVitalitySkeletalSwing
Leoric,1,LeoricMasteryFealtyUntoDeathUndying
Leoric,1,LeoricMasteryOsseinRenewal
Leoric,4,LeoricMasteryGhastlyReachSkeletalSwing
Leoric,4,LeoricMasteryParalyzingRageSkeletalSwing
Leoric,4,LeoricSkeletalSwingKneelPeasantsTalent
Leoric,7,LeoricMasteryDrainMomentumDrainHope
Leoric,7,LeoricMasteryWillingVesselDrainHope
Leoric,10,LeoricHeroicAbilityEntomb
Leoric,10,LeoricHeroicAbilityMarchoftheBlackKing
Leoric,13,LeoricMasterySpectralLeech
Leoric,13,LeoricMasteryUnyieldingDespairDrainHope
Li Li,1,LiLiEagerAdventurer
Li Li,1,LiLiFreeDrinks
Li Li,1,LiLiMasteryCloudSerpentSerpentSidekick
Li Li,4,LiLiMasteryBlindingWindSurgingWinds
Li Li,4,LiLiMasteryFastFeetSafetySprint
Li Li,4,LiLiWindSerpent
Li Li,7,LiLiLetsGo
Li Li,7,LiLiMasteryBlindingWindMassVortex
Li Li,7,LiLiMasteryHealingBrewTheGoodStuff
Li Li,10,LiLiHeroicAbilityJugof1000Cups
Li Li,10,LiLiHeroicAbilityWaterDragon
Li Li,13,LiLiHinderingWinds
Li Li,13,LiLiMasteryBlindingWindGaleForce
Li Li,13,LiLiMasteryCloudSerpentLightningSerpent
Li Li,13,LiLiMasteryHealingBrewTwoForOne
Li Li,16,LiLiBlessingsOfYulon
Li Li,16,LiLiMasteryJugof1000CupsJugof1000000Cups
Li Li,16,LiLiPickMeUp
Li Li,20,LiLiMasteryWaterDragonDoubleDragon
Li Li,20,LiLiMistweaver
Li Li,20,LiLiShakeItOff
Li-Ming,1,WizardAetherWalker
Li-Ming,1,WizardForceArmor
Li-Ming,1,WizardPowerHungry
Li-Ming,4,WizardArcaneOrbTriumvirate
Li-Ming,4,WizardDominance
Li-Ming,4,WizardMagicMissilesChargedBlast
Li-Ming,7,WizardArcaneOrbZeisVengeance
Li-Ming,7,WizardMagicMissilesSeeker
Li-Ming,7,WizardTeleportCalamity
Li-Ming,10,WizardHeroicAbilityDisintegrate
Li-Ming,10,WizardHeroicAbilityWaveOfForce
Li-Ming,10,WizardPowerHungry
Li-Ming,13,WizardArcaneOrbTriumvirate
Li-Ming,13,WizardCannoneer
Li-Ming,13,WizardFireflies
Li-Ming,13,WizardGlassCannon
Li-Ming,13,WizardTeleportIllusionist
Li-Ming,16,WizardArcaneOrbArcaneOrbit
Li-Ming,16,WizardArcaneOrbZeisVengeance
Li-Ming,16,WizardCannoneer
Li-Ming,16,WizardMagicMissilesMirrorball
Li-Ming,16,WizardTeleportDiamondSkin
Li-Ming,20,WizardArchonPurePower
Li-Ming,20,WizardDisintegrateTemporalFlux
Li-Ming,20,WizardHeroicAbilityWaveOfForce
Li-Ming,20,WizardTalRashasElements
Li-Ming,20,WizardWaveOfForceRepulsion
Lt. Morales,1,MedicCaduceusFeedback
Lt. Morales,1,MedicClear
Lt. Morales,1,MedicLifeSupport
Lt. Morales,4,MedicBlastShield
Lt. Morales,4,MedicCellularReactor
Lt. Morales,4,MedicTraumaTrigger
Lt. Morales,7,MedicMediDrone
Lt. Morales,7,MedicPhysicalTherapy
Lt. Morales,7,MedicVanadiumPlating
Lt. Morales,10,MedicHeroicAbilityMedivacDropship
Lt. Morales,10,MedicHeroicAbilityStimDrone
Lt. Morales,13,MedicBedsideManner
Lt. Morales,13,MedicEMPGrenade
Lt. Morales,13,MedicExtendedCare
Lt. Morales,13,MedicSystemShock
Lt. Morales,13,MedicVanadiumPlating
Lt. Morales,16,MedicFirstResponder
Lt. Morales,16,MedicHyperactivity
Lt. Morales,16,MedicShieldSequencer
Lt. Morales,20,MedicCaduceusFeedback
Lt. Morales,20,MedicHeroicAbilityStimDrone
Lt. Morales,20,MedicHospiceCare
Lt. Morales,20,MedicSafeZone
Lt. Morales,20,MedicSecondOpinion
Lúcio,1,LucioCrossfadePartyMixQuest
Lúcio,1,LucioPassiveSmoothMoves
Lúcio,1,LucioWallRideAccelerando
Lúcio,4,LucioCrossfadePartyMixQuest
Lúcio,4,LucioPushOffSupersonic
Lúcio,4,LucioSoundwaveOffTheWall
Lúcio,4,LucioSoundwaveSubwoofer
Lúcio,7,LucioBoombox
Lúcio,7,LucioPushOffSupersonic
Lúcio,7,LucioReverseAmp
Lúcio,7,LucioSoundwaveGoodVibrations
Lúcio,7,LucioSoundwaveSubwoofer
Lúcio,10,LucioBoombox
Lúcio,10,LucioHighFive
Lúcio,10,LucioReverseAmp
Lúcio,10,LucioSoundBarrier
Lúcio,13,LucioAmpItUpRejuvenescencia
Lúcio,13,LucioCrossfadeAllTogetherTalent
Lúcio,13,LucioHighFive
Lúcio,13,LucioPushOffHeavyCasters
Lúcio,13,LucioWallRideSlip
Lúcio,16,LucioAmpItUpUpTheFrequency
Lúcio,16,LucioAmpItUpUpToEleven
Lúcio,16,LucioPushOffHeavyCasters
Lúcio,16,LucioSoundBarrierBossaNova
Lúcio,20,LucioAmpItUpUpToEleven
Lúcio,20,LucioCrossfadeMixingFire
Lúcio,20,LucioItemSummerAnthem
Lúcio,20,LucioPassiveHouseParty
Lunara,1,DryadHippityHop
Lunara,1,DryadNaturalPerspective
Lunara,1,DryadSentinelWisp
Lunara,4,DryadBlossomSwell
Lunara,4,DryadNaturesCulling
Lunara,4,DryadSiphoningToxin
Lunara,7,DryadChokingPollen
Lunara,7,DryadSplinteredSpear
Lunara,7,DryadWildVigor
Lunara,10,DryadHeroicAbilityLeapingStrike
Lunara,10,DryadHeroicAbilityThornwoodVine
Lunara,10,DryadSplinteredSpear
Lunara,13,DryadAbolishMagic
Lunara,13,DryadEndlessSpores
Lunara,13,DryadGreaterSpellShield
Lunara,13,DryadHeroicAbilityThornwoodVine
Lunara,13,DryadLetThemWither
Lunara,16,DryadAcceleratedContamination
Lunara,16,DryadInvigoratingSpores
Lunara,16,DryadLetThemWither
Lunara,16,DryadStarWoodSpear
Lunara,20,DryadBoundlessStrideTalent
Lunara,20,DryadForestsWrath
Lunara,20,DryadForTheWildlands
Lunara,20,DryadIntensifyingToxin
Lunara,20,DryadUnfairAdvantage
Maiev,1,MaievFanOfKnivesNaishasMemento
Maiev,1,MaievUmbralBindBondsOfJustice
Maiev,1,MaievUmbralBindPursuitOfVengeance
Maiev,4,MaievFanOfKnivesBladeDance
Maiev,4,MaievFanOfKnivesPinDown
Maiev,4,MaievSpiritOfVengeanceSuddenVengeance
Maiev,7,MaievFanOfKnivesElunesWrath
Maiev,7,MaievSpiritOfVengeanceRuthlessSpirit
Maiev,7,MaievUmbralBindBondsOfCorruption
Maiev,10,MaievContainmentDisc
Maiev,10,MaievFanOfKnivesElunesWrath
Maiev,10,MaievWardensCage
Maiev,13,MaievContainmentDisc
Maiev,13,MaievFanOfKnivesBladedArmor
Maiev,13,MaievSpiritOfVengeanceShadowArmor
Maiev,13,MaievSpiritOfVengeanceVengefulKnives
Maiev,13,MaievUmbralBindChainGang
Maiev,16,MaievArmoredAssault
Maiev,16,MaievSpiritOfVengeanceShadowOrbVengeance
Maiev,16,MaievUmbralBindCruelChain
Maiev,20,MaievShadowOrbHuntress
Maiev,20,MaievShadowOrbShadowStrike
Mal'Ganis,1,MalGanisNecroticEmbraceWingedGuard
Mal'Ganis,1,MalGanisVampiricTouchTimeToFeed
Mal'Ganis,1,MalGanisVampiricTouchVampiricAura
Mal'Ganis,4,MalGanisNecroticEmbraceEchoOfDoom
Mal'Ganis,4,MalGanisNecroticEmbraceFueledByTorment
Mal'Ganis,4,MalGanisNecroticEmbraceMightOfSargeras
Mal'Ganis,7,MalGanisFelClawsBlackClaws
Mal'Ganis,7,MalGanisFelClawsWillOfTichondrius
Mal'Ganis,7,MalGanisNightRushSpreadingPlague
Mal'Ganis,10,MalGanisCarrionSwarm
Mal'Ganis,10,MalGanisDarkConversion
Mal'Ganis,13,MalGanisNecroticEmbracePlagueBats
Mal'Ganis,13,MalGanisNightRushDeepSleep
Mal'Ganis,13,MalGanisNightRushTheNightBeckons
Mal'Ganis,13,MalGanisVampiricTouchBloodRush
Mal'Ganis,16,MalGanisCarrionSwarmSeekerSwarm
Mal'Ganis,16,MalGanisFelClawsBlindAsABat
Mal'Ganis,16,MalGanisVampiricTouchFrenziedAssault
Mal'Ganis,20,MalGanisDarkConversionWrathOfNathreza
Mal'Ganis,20,MalGanisFelClawsBlindAsABat
Mal'Ganis,20,MalGanisFelClawsVanquishTheWeak
Mal'Ganis,20,MalGanisFelClawsWillOfTichondrius
Mal'Ganis,20,MalGanisNecroticEmbracePlagueBats
Mal'Ganis,20,MalGanisNightRushAloneInTheDark
Malfurion,1,MalfurionEntanglingRootsDeepRootsTalent
Malfurion,1,MalfurionEntanglingRootsEmeraldDreams
Malfurion,1,MalfurionMasteryVengefulRoots
Malfurion,4,MalfurionCelestialAlignment
Malfurion,4,MalfurionCombatStyleShandosClarity
Malfurion,4,MalfurionRejuvenation
Malfurion,7,MalfurionMasteryTenaciousRootsEntanglingRoots
Malfurion,7,MalfurionNaturesCureRegrowth
Malfurion,7,MalfurionRejuvenation
Malfurion,7,MalfurionWildGrowthTalent
Malfurion,10,MalfurionHeroicAbilityTranquility
Malfurion,10,MalfurionHeroicAbilityTwilightDream
Malfurion,10,MalfurionNaturesCureRegrowth
Malfurion,13,MalfurionMasteryHinderingMoonfire
Malfurion,13,MalfurionMasteryVengefulRoots
Malfurion,13,MalfurionRegrowthNaturesSwiftness
Malfurion,13,MalfurionRevitalizeInnervateTalent
Malfurion,13,MalfurionYserasGift
Malfurion,16,MalfurionMasterySerenity
Malfurion,16,MalfurionMoonfireMoonlitHarmonyTalent
Malfurion,16,MalfurionRegrowthNaturesBalance
Malfurion,20,MalfurionCelestialAlignment
Malfurion,20,MalfurionLifebloomRegrowth
Malfurion,20,MalfurionMasteryAstralCommunion
Malfurion,20,MalfurionMasteryLunarShower
Malthael,1,MalthaelDeathsReach
Malthael,1,MalthaelFearTheReaper
Malthael,1,MalthaelOnAPaleHorse
Malthael,4,MalthaelBlackHarvest
Malthael,4,MalthaelDieAlone
Malthael,4,MalthaelThrowingShade
Malthael,7,MalthaelColdHand
Malthael,7,MalthaelMassacre
Malthael,7,MalthaelTouchOfDeath
Malthael,10,MalthaelLastRites
Malthael,10,MalthaelTormentedSouls
Malthael,13,MalthaelEtherealExistence
Malthael,13,MalthaelInevitableEnd
Malthael,13,MalthaelShroudOfWisdom
Malthael,13,MalthaelSoulSiphon
Malthael,16,MalthaelMementoMori
Malthael,16,MalthaelMortality
Malthael,16,MalthaelSoulCollector
Malthael,20,MalthaelAngelOfDeath
Malthael,20,MalthaelFinalCurtain
Malthael,20,MalthaelNoOneCanStopDeath
Malthael,20,MalthaelReaperOfSouls
Medivh,1,MedivhPortalPortalMastery
Medivh,1,MedivhTransformRavenRavensIntellect
Medivh,1,MedivhTransformRavenWindsOfCelerity
Medivh,4,MedivhDustOfAppearance
Medivh,4,MedivhPortalMageArmor
Medivh,4,MedivhPortalRavenFamiliar
Medivh,7,MedivhForceofMagic
Medivh,7,MedivhForceOfWillArcaneExplosion
Medivh,7,MedivhMysticAssault
Medivh,10,MedivhLeyLineSeal
Medivh,10,MedivhPolyBomb
Medivh,13,MedivhArcaneRiftArcaneCharge
Medivh,13,MedivhForceOfWillCircleOfProtection
Medivh,13,MedivhForceOfWillEnduringWill
Medivh,13,MedivhForceOfWillReabsorption
Medivh,16,MedivhPolyBombGlyphOfPolyBomb
Medivh,16,MedivhPortalStablePortal
Medivh,16,MedivhTemporalFlux
Medivh,20,MedivhArcaneBrilliance
Medivh,20,MedivhArcaneRiftGuardianOfTirisfal
Medivh,20,MedivhDustofDisappearance
Medivh,20,MedivhLeyLineSealMedivhCheats
Mei,1,MeiOWHeatTransfer
Mei,1,MeiOWHeavyPack
Mei,1,MeiOWIceStorm
Mei,4,MeiOWColdFront
Mei,4,MeiOWCrystallize
Mei,4,MeiOWSlushball
Mei,7,MeiOWBackupBattery
Mei,7,MeiOWInduceHibernation
Mei,7,MeiOWSkatingAway
Mei,10,MeiOWAvalanche
Mei,10,MeiOWIceWall
Mei,13,MeiOWCryoFreezeCoolingServos
Mei,13,MeiOWFlurry
Mei,13,MeiOWFreshPowder
Mei,13,MeiOWPolarVortex
Mei,16,MeiOWAcclimation
Mei,16,MeiOWBlackIce
Mei,16,MeiOWCascade
Mei,20,MeiOWFlashFreeze
Mei,20,MeiOWShatter
Mei,20,MeiOWTheBigOne
Mephisto,1,MephistoLightningNovaFuriousSpark
Mephisto,1,MephistoShadeOfMephistoMaliciousIntent
Mephisto,1,MephistoSkullMissileUnyieldingPower
Mephisto,4,MephistoLightningNovaStaticBarrier
Mephisto,4,MephistoSkullMissileHatefulMending
Mephisto,4,MephistoSpite
Mephisto,7,MephistoShadeOfMephistoFrostStorm
Mephisto,7,MephistoShadeOfMephistoGhastlyArmor
Mephisto,7,MephistoShadeOfMephistoTrickery
Mephisto,10,MephistoConsumeSouls
Mephisto,10,MephistoDuranceOfHate
Mephisto,13,MephistoLordOfHatredHysteria
Mephisto,13,MephistoShardOfHate
Mephisto,13,MephistoSkullMissileAbhorredSkull
Mephisto,13,MephistoSkullMissileLightningReaction
Mephisto,16,MephistoAnimosity
Mephisto,16,MephistoConsumeSoulsConsumedByHatred
Mephisto,16,MephistoLightningNovaStaticField
Mephisto,20,MephistoDuranceOfHateUnspeakableHorror
Mephisto,20,MephistoLightningNovaMimic
Mephisto,20,MephistoShadeOfMephistoShadeLord
Muradin,1,MuradinCombatStyleThirdWind
Muradin,1,MuradinDwarfBlock
Muradin,1,MuradinStormboltPerfectStorm
Muradin,4,MuradinMasteryStormhammerSledgehammer
Muradin,4,MuradinMasteryThunderburn
Muradin,4,MuradinMasteryThunderclapReverberation
Muradin,7,MuradinCombatStyleSkullcracker
Muradin,7,MuradinGiveEmTheAxeExecutioner60DamageBonus
Muradin,7,MuradinMasteryDwarfTossHeavyImpact
Muradin,10,MuradinHeroicAbilityAvatar
Muradin,10,MuradinHeroicAbilityHaymaker
Muradin,13,MuradinBronzebeardRage
Muradin,13,MuradinMasteryDwarfTossDwarfLaunch
Muradin,13,MuradinMasteryThunderclapHealingStatic
Muradin,13,MuradinMasteryThunderclapThunderstrike
Muradin,16,GenericTalentImposingPresence
Muradin,16,MuradinMasteryAvatarUnstoppableForce
Muradin,16,MuradinMasteryPassiveStoneform
Muradin,20,GenericTalentHardenedShield
Muradin,20,GenericTalentRewind
Muradin,20,MuradinMasteryHaymakerGrandSlam
Murky,1,MurkyAFishyDeal
Murky,1,MurkyEggHunt
Murky,1,MurkyFishEye
Murky,4,MurkyLivingtheDream
Murky,4,MurkyMasteryTufferfish
Murky,4,MurkySlimeTime
Murky,7,MurkyBlackLagoon
Murky,7,MurkySlipperyWhenWet
Murky,7,MurkyTimetoKrill
Murky,10,MurkyHeroicAbilityMarchoftheMurlocs
Murky,10,MurkyHeroicAbilityOctoGrab
Murky,13,MurkyEggShell
Murky,13,MurkyFishTank
Murky,13,MurkyMasteryRejuvenatingBubble
Murky,13,MurkyToxicBuildup
Murky,16,MurkyFishOil
Murky,16,MurkyMasteryNeverEndingMurlocs
Murky,16,MurkyMasteryWrathOfCod
Murky,20,MurkyBigTunaKahuna
Murky,20,MurkyMakingInky
Murky,20,MurkyMasteryAndASharkToo
Nazeebo,1,WitchDoctorPandemic
Nazeebo,1,WitchDoctorThingOfTheDeep
Nazeebo,1,WitchDoctorWidowmakers
Nazeebo,4,WitchDoctorBigVoodoo
Nazeebo,4,WitchDoctorBloodRitual
Nazeebo,4,WitchDoctorHexedCrawlers
Nazeebo,4,WitchDoctorPandemic
Nazeebo,7,WitchDoctorDeadRush
Nazeebo,7,WitchDoctorHexedCrawlers
Nazeebo,7,WitchDoctorSpiritofArachyr
Nazeebo,7,WitchDoctorToadsofHugeness
Nazeebo,10,WitchDoctorHeroicAbilityGargantuan
Nazeebo,10,WitchDoctorHeroicAbilityRavenousSpirits
Nazeebo,10,WitchDoctorToadsofHugeness
Nazeebo,13,GenericTalentIceBlock
Nazeebo,13,WitchDoctorGuardianToads
Nazeebo,13,WitchDoctorSpiderColony
Nazeebo,13,WitchDoctorSuperstition
Nazeebo,16,WitchDoctorHumongoid
Nazeebo,16,WitchDoctorRingOfPoison
Nazeebo,16,WitchDoctorSoulHarvest
Nazeebo,20,WitchDoctorAnnihilatingSpirits
Nazeebo,20,WitchDoctorBadMedicine
Nazeebo,20,WitchDoctorVileInfection
Nova,1,NovaAdvancedCloaking
Nova,1,NovaCovertOps
Nova,1,NovaMasteryLongshot
Nova,4,NovaCovertMission
Nova,4,NovaHoloStability
Nova,4,NovaRapidProjection
Nova,7,NovaCombatStyleAntiArmorShells
Nova,7,NovaCombatStyleOneintheChamber
Nova,7,NovaMasteryPerfectShotSnipe
Nova,10,NovaHeroicAbilityPrecisionStrike
Nova,10,NovaHeroicAbilityTripleTap
Nova,13,NovaIonicForceField
Nova,13,NovaMasteryDoubleTap
Nova,13,NovaMasteryExplosiveShot
Nova,13,NovaMasteryPsionicEfficiency
Nova,16,NovaMasteryCripplingShot
Nova,16,NovaMasteryFastReload
Nova,16,NovaMasteryLethalDecoy
Nova,20,GenericTalentRewind
Nova,20,NovaApolloSuit
Nova,20,NovaMasteryPrecisionBarrage
Orphea,1,OrpheaAncestralStrength
Orphea,1,OrpheaEnPointe
Orphea,1,OrpheaGrowingNightmare
Orphea,4,OrpheaAllegrissimo
Orphea,4,OrpheaBackbiter
Orphea,4,OrpheaChaoticAssault
Orphea,7,OrpheaInsatiable
Orphea,7,OrpheaMindDevourer
Orphea,7,OrpheaRavenousHunger
Orphea,10,OrpheaCrushingJaws
Orphea,10,OrpheaEternalFeast
Orphea,13,OrpheaAbyssalSymbiosis
Orphea,13,OrpheaBondOfAnguish
Orphea,13,OrpheaDetermination
Orphea,13,OrpheaInvasiveMiasma
Orphea,16,OrpheaDeadMagic
Orphea,16,OrpheaLurkingTerror
Orphea,16,OrpheaMonsterWithin
Orphea,20,OrpheaEldritchConduit
Orphea,20,OrpheaEngulfingOblivion
Orphea,20,OrpheaFinalToccata
Probius,1,ProbiusEchoPulseDisruptionPulse
Probius,1,ProbiusGatherMineralsPhotonCannonQuest
Probius,1,ProbiusWarpResonanceWarpRiftQuest
Probius,4,ProbiusPhotonBarrierPhotonCannon
Probius,4,ProbiusShieldCapacitor
Probius,4,ProbiusTurboChargedWorkerRush
Probius,7,ProbiusParticleAcceleratorDisruptionPulse
Probius,7,ProbiusRiftShockWarpRift
Probius,7,ProbiusTowerDefensePhotonCannon
Probius,10,ProbiusNullGateHeroic
Probius,10,ProbiusPylonOverchargeHeroic
Probius,13,ProbiusAggressiveMatrixWarpInPylon
Probius,13,ProbiusPowerOverflowingWarpInPylon
Probius,13,ProbiusQuantumEntanglementWarpRift
Probius,13,ProbiusShieldBatteryWarpInPylon
Probius,16,ProbiusConstructAdditionalPylonsPylonOvercharge
Probius,16,ProbiusGravityWellWarpRift
Probius,16,ProbiusInterferenceWarpRift
Probius,20,ProbiusGateKeeperNullGate
Probius,20,ProbiusProbiusLoopWarpRift
Probius,20,ProbiusShootEmUptoRiftsDisruptionPulse
Qhira,1,NexusHunterCarnageMaximumEffort
Qhira,1,NexusHunterFatalWounds
Qhira,1,NexusHunterFinishingTouch
Qhira,4,NexusHunterBloodRageYourPainMyGain
Qhira,4,NexusHunterEnsnaringSwing
Qhira,4,NexusHunterUpstage
Qhira,7,NexusHunterBloodRageHealmonger
Qhira,7,NexusHunterSiphoningLink
Qhira,7,NexusHunterTheThirst
Qhira,10,NexusHunterFinalStrike
Qhira,10,NexusHunterUnrelentingStrikes
Qhira,13,NexusHunterChainsaw
Qhira,13,NexusHunterPulsingPain
Qhira,13,NexusHunterRevolvingSweepBoomingKick
Qhira,13,NexusHunterTheHunted
Qhira,16,NexusHunterRevolvingSweepLingeringAilment
Qhira,16,NexusHunterRevolvingSweepSwingLifeAway
Qhira,16,NexusHunterUnrelentingStrikesSilentKiller
Qhira,20,NexusHunterFinalStrikeUnleashedPotential
Qhira,20,NexusHunterGrapplingHookUtilityBelt
Qhira,20,NexusHunterHuntersVengeanceNoSanctuary
Ragnaros,1,RagnarosBlastWaveEngulfingFlame
Ragnaros,1,RagnarosEmpowerSulfurasSulfurasHungers
Ragnaros,1,RagnarosLivingMeteorShiftingMeteor
Ragnaros,4,RagnarosBlastWaveSlowBurn
Ragnaros,4,RagnarosCatchingFire
Ragnaros,4,RagnarosLivingMeteorFireWard
Ragnaros,7,RagnarosBlisteringAttacks
Ragnaros,7,RagnarosEmpowerSulfurasHandOfRagnaros
Ragnaros,7,RagnarosLivingMeteorMoltenPower
Ragnaros,10,RagnarosSulfurasSmash
Ragnaros,13,RagnarosBlastWaveTemperedFlame
Ragnaros,13,RagnarosEmpowerSulfurasCauterizeWounds
Ragnaros,13,RagnarosEmpowerSulfurasGiantScorcher
Ragnaros,13,RagnarosResilientFlame
Ragnaros,16,RagnarosBlastWaveBlastEcho
Ragnaros,16,RagnarosLivingMeteorMeteorBomb
Ragnaros,16,RagnarosSulfurasSmashFlamesOfSulfuron
Ragnaros,20,RagnarosMoltenCoreHeroicDifficulty
Ragnaros,20,RagnarosSubmerge
Raynor,1,RaynorAceInTheHole
Raynor,1,RaynorGiveEmSomePepperExterminator
Raynor,1,RaynorVeteranMarksman
Raynor,4,RaynorBasicAttackSustainingRounds
Raynor,4,RaynorBehemothArmor
Raynor,4,RaynorMasteryFightorFlightAdrenalineRush
Raynor,7,RaynorGiveEmSomePepperUnstableCompound
Raynor,7,RaynorInspireFuelTheRush
Raynor,7,RaynorPenetratingRoundHeavySlugs
Raynor,10,RaynorHeroicAbilityHyperion
Raynor,10,RaynorHeroicAbilityRaynorsRaiders
Raynor,13,RaynorBehemothArmor
Raynor,13,RaynorInspireGiddyUp
Raynor,13,RaynorMasteryGiveMeMoreAdrenalineRush
Raynor,13,RaynorPenetratingRoundLine'EmUp
Raynor,13,RaynorPenetratingRoundPaintThemRed
Raynor,16,RaynorBountyHunter
Raynor,16,RaynorHeroicAbilityHyperion
Raynor,16,RaynorHyperionCavalrysArrived
Raynor,16,RaynorInspireRallyingCry
Raynor,20,RaynorAdrenalineRushRaidersRoll
Raynor,20,RaynorDuskWing
Raynor,20,RaynorGive'EmSomePepperSergeantPepper
Rehgar,1,RehgarEarthbindTotemColossalTotem
Rehgar,1,RehgarFeralHeart
Rehgar,1,RehgarLightningShieldStormcaller
Rehgar,4,RehgarEarthlivingEnchant
Rehgar,4,RehgarHealingTotem
Rehgar,4,RehgarLightningShieldElectricCharge
Rehgar,7,RehgarBloodAndThunder
Rehgar,7,RehgarEarthbindTotemGroundedTotem
Rehgar,7,RehgarPurification
Rehgar,10,RehgarAncestralHealing
Rehgar,10,RehgarBloodlust
Rehgar,10,RehgarPurification
Rehgar,13,RehgarBloodlust
Rehgar,13,RehgarLightningShieldEarthShield
Rehgar,13,RehgarLightningShieldRisingStorm
Rehgar,13,RehgarMasteryTidalWaves
Rehgar,13,RehgarWellspring
Rehgar,16,RehgarAncestralHealingFarseersBlessing
Rehgar,16,RehgarEarthbindTotemEarthgraspTotem
Rehgar,16,RehgarHungerOfTheWolf
Rehgar,16,RehgarWellspring
Rehgar,20,RehgarEarthbindTotemEarthgraspTotem
Rehgar,20,RehgarElementalConduit
Rehgar,20,RehgarGladiatorsWarShout
Rehgar,20,RehgarPitFighter
Rexxar,1,RexxarFlare
Rexxar,1,RexxarSpiritBondEasyPrey
Rexxar,1,RexxarSpiritSwoopBirdOfPrey
Rexxar,4,RexxarFlare
Rexxar,4,RexxarHungryBear
Rexxar,4,RexxarHunterGatherer
Rexxar,4,RexxarSpiritBondGrizzledFortitude
Rexxar,7,RexxarAnimalHusbandry
Rexxar,7,RexxarSpiritBondGrizzledFortitude
Rexxar,7,RexxarSpiritSwoopCripplingTalons
Rexxar,7,RexxarTakingFlightSpiritSwoop
Rexxar,10,RexxarAspectoftheBeastCharge
Rexxar,10,RexxarHeroicAbilityBestialWrath
Rexxar,13,RexxarAspectOfTheHawkSpiritSwoop
Rexxar,13,RexxarDireBeast
Rexxar,13,RexxarHeroicAbilityUnleashTheBoars
Rexxar,13,RexxarSpiritBondWildfireBear
Rexxar,16,RexxarFeignDeath
Rexxar,16,RexxarSpiritBondPrimalIntimidation
Rexxar,16,RexxarThrilloftheHunt
Rexxar,20,RexxarFrenzyofKalimdor
Rexxar,20,RexxarHardenedSkin
Rexxar,20,RexxarSpiritBond
Rexxar,20,RexxarUnleashTheBoarsKillCommand
Samuro,1,SamuroMirrorImageWayOfTheBlade
Samuro,1,SamuroWayOfIllusion
Samuro,1,SamuroWayOfTheWind
Samuro,4,SamuroAdvancingStrikesDeflection
Samuro,4,SamuroMirage
Samuro,4,SamuroWindwalkOneWithTheWind
Samuro,7,SamuroBurningBlade
Samuro,7,SamuroCrushingBlow
Samuro,7,SamuroPhantomPain
Samuro,10,SamuroHeroicAbilityBladestorm
Samuro,10,SamuroHeroicAbilityIllusionMaster
Samuro,13,SamuroMercilessStrikes
Samuro,13,SamuroMirroredSteel
Samuro,13,SamuroShukuchi
Samuro,13,SamuroWindwalkKawarimi
Samuro,16,SamuroDanceOfDeath
Samuro,16,SamuroHarshWinds
Samuro,16,SamuroPressTheAttack
Samuro,20,SamuroBlademastersPursuit
Samuro,20,SamuroThreeBladeStyle
Samuro,20,SamuroWindStrider
Sgt. Hammer,1,SgtHammerAmbush
Sgt. Hammer,1,SgtHammerSiegeModeAdvancedArtillery
Sgt. Hammer,1,SgtHammerSiegeModeMaelstromRounds
Sgt. Hammer,4,SgtHammerBarricade
Sgt. Hammer,4,SgtHammerNeosteelPlatingSiegeTactics
Sgt. Hammer,4,SgtHammerSiegeModeRegenerativeBioSteel
Sgt. Hammer,7,SgtHammerGraduatingRange
Sgt. Hammer,7,SgtHammerMasteryHoverSiegeMode
Sgt. Hammer,10,SgtHammerHeroicAbilityBluntForceGun
Sgt. Hammer,10,SgtHammerHeroicAbilityNapalmStrike
Sgt. Hammer,13,SgtHammerConcussiveBlastEntrenched
Sgt. Hammer,13,SgtHammerHyperCoolingEngines
Sgt. Hammer,13,SgtHammerNeosteelPlatingMechanicalKnowhow
Sgt. Hammer,13,SgtHammerSpiderMinesTacticalMineDeployment
Sgt. Hammer,16,GenericTalentGiantKillerSgtHammer
Sgt. Hammer,16,SgtHammerMasteryOrbitalBFGBluntForceGun
Sgt. Hammer,20,SgtHammerMasteryAdvancedLavaStrikeNapalmStrike
Sonya,1,BarbarianFuriousBlow
Sonya,1,BarbarianToughAsNails
Sonya,1,BarbarianWarPaint
Sonya,4,BarbarianHurricane
Sonya,4,BarbarianShatteredGround
Sonya,4,BarbarianShotOfFury
Sonya,7,BarbarianBattleRage
Sonya,7,BarbarianLifeFunnel
Sonya,7,BarbarianPoisonedSpear
Sonya,10,BarbarianHeroicAbilityLeap
Sonya,10,BarbarianHeroicAbilityWrathoftheBerserker
Sonya,13,BarbarianGiantSlammer
Sonya,13,BarbarianMysticalSpear
Sonya,13,BarbarianNoEscape
Sonya,13,BarbarianRuthless
Sonya,16,BarbarianArreatCrater
Sonya,16,BarbarianNervesOfSteel
Sonya,16,BarbarianRampage
Sonya,20,BarbarianCompositeSpear
Sonya,20,BarbarianIgnorePain
Sonya,20,BarbarianStridingGiant
Stitches,1,StitchesHungryforMore
Stitches,1,StitchesPatchworkCreation
Stitches,1,StitchesSavortheFlavorDevour
Stitches,4,StitchesPlaytime
Stitches,4,StitchesTenderizer
Stitches,4,StitchesVileCleaver
Stitches,7,StitchesPutrefaction
Stitches,7,StitchesSecondHelping
Stitches,7,StitchesSerratedEdge
Stitches,10,StitchesHeroicAbilityGorge
Stitches,10,StitchesHeroicAbilityPutridBile
Stitches,13,StitchesChopChop
Stitches,13,StitchesHeroicAbilityGorge
Stitches,13,StitchesMeatHook
Stitches,13,StitchesPulverizeSlam
Stitches,13,StitchesUnderPressure
Stitches,16,StitchesDigestiveJuices
Stitches,16,StitchesFlareUp
Stitches,16,StitchesGiftFromTheEmbalmer
Stitches,16,StitchesMeatHook
Stitches,16,StitchesUnderPressure
Stitches,20,StitchesFlareUp
Stitches,20,StitchesGasBag
Stitches,20,StitchesHookMasterHooker
Stitches,20,StitchesHungryHungryStitchesGorge
Stukov,1,StukovFetidTouch
Stukov,1,StukovLowBlow
Stukov,1,StukovWeightedPustuleReactiveBallistospores
Stukov,4,StukovBioticArmor
Stukov,4,StukovOneGoodSpread
Stukov,4,StukovVigorousReuptake
Stukov,7,StukovGrowingInfestation
Stukov,7,StukovLongPitch
Stukov,7,StukovTargetedExcision
Stukov,10,StukovHeroicAbilityFlailingSwipe
Stukov,10,StukovHeroicAbilityMassiveShove
Stukov,10,StukovLowBlow
Stukov,13,StukovItHungers
Stukov,13,StukovOneGoodSpread
Stukov,13,StukovPoppinPustules
Stukov,13,StukovSuperstrain
Stukov,13,StukovVirulentReaction
Stukov,16,StukovControlledChaos
Stukov,16,StukovGrowingInfestation
Stukov,16,StukovPoxPopuli
Stukov,16,StukovUniversalCarrier
Stukov,20,StukovBioExplosionSwitch
Stukov,20,StukovHeroicAbilityMassiveShove
Stukov,20,StukovPushComesToShove
Stukov,20,StukovTopOff
Sylvanas,1,SylvanasTalentMightOfTheBansheeQueen
Sylvanas,1,SylvanasTalentOverwhelmingAffliction
Sylvanas,1,SylvanasUnfurlingShadowsShadowDagger
Sylvanas,1,SylvanasUnrelentingTorment
Sylvanas,4,SylvanasHauntingArrows
Sylvanas,4,SylvanasHeroicAbilityPossession
Sylvanas,4,SylvanasTalentMercenaryQueen
Sylvanas,4,SylvanasTalentUnstablePoison
Sylvanas,7,SylvanasTalentFesteringWounds
Sylvanas,7,SylvanasTalentLostSoul
Sylvanas,7,SylvanasTalentWitheringFireBarbedShot
Sylvanas,10,SylvanasHeroicAbilityWailingArrow
Sylvanas,10,SylvanasMindControl
Sylvanas,13,SylvanasTalentColdEmbrace
Sylvanas,13,SylvanasTalentRemorseless
Sylvanas,13,SylvanasTalentWindrunnerHauntingWave
Sylvanas,13,SylvanasTalentWitheringFireEvasiveFire
Sylvanas,16,SylvanasTalentLifeDrain
Sylvanas,16,SylvanasTalentWillOfTheForsaken
Sylvanas,16,SylvanasWailingArrowDeafeningBlast
Sylvanas,20,GenericTalentFlashoftheStorms
Sylvanas,20,SylvanasDarkLadysCall
Sylvanas,20,SylvanasTalentWitheringBarrage
Sylvanas,20,SylvanasTalentWitheringFireEvasiveFire
Tassadar,1,TassadarKhaydarinAmulet
Tassadar,1,TassadarPsionicStormPsiInfusion
Tassadar,1,TassadarStaticCharge
Tassadar,4,TassadarElectricFence
Tassadar,4,TassadarInduction
Tassadar,4,TassadarPlasmaShield
Tassadar,7,TassadarArcDischarge
Tassadar,7,TassadarBeamAlignment
Tassadar,7,TassadarPsionicEcho
Tassadar,10,TassadarHeroicAbilityArchon
Tassadar,10,TassadarHeroicAbilityBlackHole
Tassadar,13,TassadarFeedback
Tassadar,13,TassadarOracle
Tassadar,13,TassadarShadowWalk
Tassadar,13,TassadarThermalLance
Tassadar,16,TassadarExecutorsWill
Tassadar,16,TassadarMasteryTwilightArchon
Tassadar,16,TassadarPsychicShock
Tassadar,20,TassadarKhalasGift
Tassadar,20,TassadarKugelblitz
Tassadar,20,TassadarMasteryForceBarrier
The Butcher,1,ButcherMasteryHamstringChopMeat
The Butcher,1,ButcherMasteryHamstringInvigoration
The Butcher,1,GenericTalentBlock
The Butcher,4,ButcherMasteryHamstringCheapShot
The Butcher,4,ButcherMasteryHamstringFlailAxe
The Butcher,4,ButcherMasteryRuthlessOnslaughtUnrelentingPursuit
The Butcher,7,ButcherMasteryButchersBrandInsatiableBlade
The Butcher,7,ButcherMasteryFreshMeatVictuals
The Butcher,7,ButcherMeatShield
The Butcher,10,ButcherHeroicAbilityButcherFurnaceBlast
The Butcher,10,ButcherHeroicAbilityLambToTheSlaughter
The Butcher,13,ButcherCleaver
The Butcher,13,ButcherMasteryHamstringBrutalStrike
The Butcher,13,ButcherMasteryHamstringCripplingSlam
The Butcher,13,ButcherMasteryRuthlessOnslaughtSavageCharge
The Butcher,16,ButcherMasteryFiresofHell
The Butcher,16,ButcherMasteryFreshMeatBloodFrenzy
The Butcher,16,ButcherTalentEnraged
The Butcher,20,ButcherMasterySlaughterhouse
The Butcher,20,GenericTalentFlashoftheStorms
The Butcher,20,GenericTalentNexusBlades
Thrall,1,ThrallCrashLightning
Thrall,1,ThrallEchooftheElements
Thrall,1,ThrallMaelstromWeapon
Thrall,1,ThrallMasteryRollingThunder
Thrall,4,ThrallFeralResilience
Thrall,4,ThrallFrostwolfPack
Thrall,4,ThrallMasteryManaTide
Thrall,7,GenericTalentFollowThrough
Thrall,7,ThrallAncestralWrath
Thrall,7,ThrallElementalAssault
Thrall,7,ThrallMaelstromWeapon
Thrall,7,ThrallMasteryRollingThunder
Thrall,10,ThrallHeroicAbilityEarthquake
Thrall,10,ThrallHeroicAbilitySundering
Thrall,13,ThrallMasteryFrostwolfsGrace
Thrall,13,ThrallMasteryGraceOfAir
Thrall,13,ThrallMasteryTempestFury
Thrall,13,ThrallSpiritShield
Thrall,16,ThrallAlphaWolf
Thrall,16,ThrallMasteryWorldbreaker
Thrall,16,ThrallThunderstorm
Thrall,20,GenericTalentNexusBlades
Thrall,20,ThrallElementalMomentum
Thrall,20,ThrallMasteryEarthenShields
Thrall,20,ThrallWindRush
Tracer,1,TracerOneTwoPunch
Tracer,1,TracerPartingGift
Tracer,1,TracerTracerRounds
Tracer,4,TracerIsThataHealthPack
Tracer,4,TracerLeechingRounds
Tracer,4,TracerPulseGenerator
Tracer,7,TracerFocusFire
Tracer,7,TracerLockedandLoaded
Tracer,7,TracerSleightofHand
Tracer,10,TracerQuantumSpike
Tracer,10,TracerStickyBomb
Tracer,13,TracerJumper
Tracer,13,TracerPulseRounds
Tracer,13,TracerTelefrag
Tracer,13,TracerUntouchable
Tracer,16,TracerBulletSprayMelee
Tracer,16,TracerHeavyHanded
Tracer,16,TracerRicochetHeroWeapon
Tracer,20,TracerChronoTriggers
Tracer,20,TracerCompositionBPulseBomb
Tracer,20,TracerGetStuffedMelee
Tracer,20,TracerHeavyHanded
Tracer,20,TracerTotalRecallRecall
Tychus,1,TychusMasteryQuarterback
Tychus,1,TychusMasteryRunandGunDash
Tychus,1,TychusPressTheAdvantage
Tychus,4,TychusInTheRhythm
Tychus,4,TychusMasterAssassin
Tychus,4,TychusTheBiggerTheyAre
Tychus,7,TychusCombatTactician
Tychus,7,TychusMeltingPoint
Tychus,7,TychusRelentlessSoldier
Tychus,10,TychusHeroicAbilityCommandeerOdin
Tychus,10,TychusHeroicAbilityDrakkenLaserDrill
Tychus,13,TychusMasteryOverkillArmorPiercingRounds
Tychus,13,TychusMasterySprayNPray
Tychus,13,TychusNeosteelCoating
Tychus,13,TychusThatsTheStuff
Tychus,16,TychusMasteryFragGrenadeTitanGrenade
Tychus,16,TychusMasteryOdinBigRedButton
Tychus,16,TychusSizzlinAttacks
Tychus,20,TychusCanDoThisAllDayOverkillTalent
Tychus,20,TychusMasteryDrakkenLaserFocusingDiodes
Tychus,20,TychusMasteryFragGrenadeTitanGrenade
Tychus,20,TychusRunAndGunBobAndWeave
Tyrael,1,TyraelArdentRestoration
Tyrael,1,TyraelJusticeForAll
Tyrael,1,TyraelSalvation
Tyrael,4,TyraelDivineVigor
Tyrael,4,TyraelElDruinsMightBoundByLaw
Tyrael,4,TyraelJusticeForAll
Tyrael,4,TyraelMasteryRighteousnessReciprocate
Tyrael,4,TyraelStalwartAngel
Tyrael,7,TyraelBurningHalo
Tyrael,7,TyraelDivineVigor
Tyrael,7,TyraelMasteryPurgeEvil
Tyrael,7,TyraelMasteryRighteousnessReciprocate
Tyrael,7,TyraelMasterySwiftRetribution
Tyrael,10,TyraelBurningHalo
Tyrael,10,TyraelHeroicAbilityJudgement
Tyrael,10,TyraelHeroicAbilitySanctification
Tyrael,13,TyraelElDruinsMightBoundByLaw
Tyrael,13,TyraelHeroicAbilitySanctification
Tyrael,13,TyraelHoradricReforging
Tyrael,13,TyraelMasteryElDruinsMightSwordOfJustice
Tyrael,13,TyraelMasteryHolyGround
Tyrael,13,TyraelMasteryLawAndOrder
Tyrael,16,TyraelBurningHalo
Tyrael,16,TyraelHoradricReforging
Tyrael,16,TyraelMasteryJudgmentAngelofJustice
Tyrael,16,TyraelMasteryLawAndOrder
Tyrael,16,TyraelSmiteTheWicked
Tyrael,20,TyraelAspectofJustice
Tyrael,20,TyraelDefenseOfTheAngels
Tyrael,20,TyraelHoradricReforging
Tyrael,20,TyraelMasterySanctificationHolyArena
Tyrael,20,TyraelSealOfElDruin
Tyrande,1,TyrandeMasteryLunarBlaze
Tyrande,1,TyrandeRanger
Tyrande,1,TyrandeTrueshotAura
Tyrande,4,TyrandeElunesChosen
Tyrande,4,TyrandeLightOfEluneEverlastingLight
Tyrande,4,TyrandeMarkofMending
Tyrande,7,TyrandeHuntressFury
Tyrande,7,TyrandeKaldoreiResistance
Tyrande,7,TyrandeMoonlitArrows
Tyrande,10,TyrandeHeroicAbilityShadowstalk
Tyrande,10,TyrandeHeroicAbilityStarfall
Tyrande,13,TyrandeCelestialAttunement
Tyrande,13,TyrandeHarshMoonlight
Tyrande,13,TyrandeMasteryLightofEluneQuickeningBlessing
Tyrande,13,TyrandeRangersMark
Tyrande,16,TyrandeDarnassianArchery
Tyrande,16,TyrandeEmpower
Tyrande,16,TyrandeEyesOfTheHuntress
Tyrande,20,TyrandeIcebladeArrows
Tyrande,20,TyrandeMasteryStarfallCelestialWrath
Tyrande,20,TyrandeShootingStar
Uther,1,UtherCombatStyleHammerOfTheLightbringer
Uther,1,UtherHolyLightSilverTouch
Uther,1,UtherMasteryWaveofLightHolyRadiance
Uther,4,UtherHammerOfJusticePursuitOfJustice
Uther,4,UtherHolyFire
Uther,4,UtherMasteryHolyShock
Uther,7,UtherEternalDevotionArmorOfFaith
Uther,7,UtherEternalDevotionGuardianOfAncientKings
Uther,7,UtherHandOfProtection
Uther,10,UtherHeroicAbilityDivineShield
Uther,10,UtherHeroicAbilityDivineStorm
Uther,13,GenericTalentSpellShield
Uther,13,UtherBeaconOfLight
Uther,13,UtherEternalDevotionArmorOfFaith
Uther,13,UtherHammerOfJusticeWellMet
Uther,13,UtherMasteryBlessedChampion
Uther,16,UtherHolyRadianceTyrsDeliverance
Uther,16,UtherMasteryBenediction
Uther,16,UtherMasteryBulwarkOfLightDivineShield
Uther,20,UtherEternalDevotionDivineProtection
Uther,20,UtherHeroicAbilityDivineStorm
Uther,20,UtherMasteryDivineHurricaneDivineStorm
Uther,20,UtherMasteryRedemption
Valeera,1,ValeeraCombatReadiness
Valeera,1,ValeeraVanishSubtlety
Valeera,1,ValeeraVigor
Valeera,4,ValeeraCripplingPoison
Valeera,4,ValeeraGarroteHemorrhage
Valeera,4,ValeeraSinisterStrikeRelentlessStrikes
Valeera,7,ValeeraSinisterStrikeMutilate
Valeera,7,ValeeraVanishInitiative
Valeera,7,ValeeraWoundPoison
Valeera,10,ValeeraBladeFlurryFatalFinesse
Valeera,10,ValeeraEviscerateSliceAndDice
Valeera,13,ValeeraAmbushDeathFromAbove
Valeera,13,ValeeraCheapShotBlind
Valeera,13,ValeeraCloakOfShadows
Valeera,13,ValeeraSmokeBomb
Valeera,16,ValeeraAmbushAssassinate
Valeera,16,ValeeraGarroteStrangle
Valeera,16,ValeeraSinisterStrikeSealFate
Valeera,20,ValeeraCloakOfShadowsEnvelopingShadows
Valeera,20,ValeeraGarroteRupture
Valeera,20,ValeeraSmokeBombAdrenalineRush
Valeera,20,ValeeraThistleTea
Valla,1,DemonHunterCreedoftheHunter
Valla,1,DemonHunterMasteryPuncturingArrow
Valla,1,DemonHunterMultishotFireAtWill
Valla,4,DemonHunterDeathDealer
Valla,4,DemonHunterMasteryArsenal
Valla,4,DemonHunterMasteryRepeatingArrowVault
Valla,7,DemonHunterCombatStyleHotPursuit
Valla,7,DemonHunterMasteryFrostShot
Valla,7,DemonHunterMasteryMonsterHunterHungeringArrow
Valla,10,DemonHunterHeroicAbilityRainofVengeance
Valla,10,DemonHunterHeroicAbilityStrafe
Valla,13,DemonHunterCombatStyleTemperedByDiscipline
Valla,13,DemonHunterGloom
Valla,13,DemonHunterMasterySiphoningArrow
Valla,13,DemonHunterPunishment
Valla,16,DemonHunterManticore
Valla,16,DemonHunterMasteryDeathSiphon
Valla,16,DemonHunterSeethingHatred
Valla,20,DemonHunterFarflightQuiver
Valla,20,DemonHunterMasteryStormofVengeance
Valla,20,DemonHunterVaultAcrobat
Varian,1,VarianHighKingsQuestQuest
Varian,1,VarianLionsFangLionsMawQuest
Varian,1,VarianParryOverpower
Varian,4,VarianColossusSmash
Varian,4,VarianTaunt
Varian,4,VarianTwinBladesOfFury
Varian,7,VarianLionsFangLionheart
Varian,7,VarianSecondWind
Varian,7,VarianVictoryRush
Varian,10,VarianChargeWarbringer
Varian,10,VarianParryShieldWall
Varian,13,VarianBannerOfStormwind
Varian,13,VarianChargeJuggernaut
Varian,13,VarianMortalStrike
Varian,13,VarianShatteringThrow
Varian,16,VarianBannerOfDalaran
Varian,16,VarianBannerOfIronforge
Varian,16,VarianTauntVigilance
Varian,20,VarianBannersGloryToTheAlliance
Varian,20,VarianColossusSmashMasterAtArms
Varian,20,VarianDemoralizingShout
Varian,20,VarianTwinBladesOfFuryFrenzy
Whitemane,1,WhitemaneInquisitorsPrayer
Whitemane,1,WhitemaneSearingLashRighteousFlame
Whitemane,1,WhitemaneZealPityTheFrail
Whitemane,4,WhitemaneDesperatePleaMartyrdom
Whitemane,4,WhitemaneDesperatePleaUnwaveringFaith
Whitemane,4,WhitemaneZealIndulgence
Whitemane,7,WhitemaneDesperatePleaZealousSpirit
Whitemane,7,WhitemaneIntercession
Whitemane,7,WhitemaneSaintlyGreatstaff
Whitemane,10,WhitemaneDivineReckoning
Whitemane,10,WhitemaneScarletAegis
Whitemane,13,WhitemaneDesperatePleaRadiance
Whitemane,13,WhitemaneInquisitionSubjugation
Whitemane,13,WhitemaneSearingLashLashingOut
Whitemane,13,WhitemaneZealScarletWrath
Whitemane,16,WhitemaneInquisitionSharedPunishment
Whitemane,16,WhitemaneScarletAegisScarletCrusade
Whitemane,16,WhitemaneSearingLashHarshDiscipline
Whitemane,20,WhitemaneDivineReckoningJudgmentDay
Whitemane,20,WhitemaneGuidingLight
Whitemane,20,WhitemanePurgeTheWicked
Xul,1,NecromancerTalentBoneArmorBacklash
Xul,1,NecromancerTalentBoneArmorShackler
Xul,1,NecromancerTalentBoneArmorShade
Xul,4,NecromancerTalentGrimScythe
Xul,4,NecromancerTalentJailors
Xul,4,NecromancerTalentReapersToll
Xul,7,NecromancerBoneArmorWallOfBonesTalent
Xul,7,NecromancerTalentHarvestVitality
Xul,7,NecromancerTalentTragOulsEssence
Xul,10,NecromancerHeroicAbilityPoisonNova
Xul,10,NecromancerHeroicAbilitySkeletalMages
Xul,13,NecromancerTalentAmplifyDamage
Xul,13,NecromancerTalentDecrepify
Xul,13,NecromancerTalentEchoesOfDeath
Xul,13,NecromancerTalentRapidHarvest
Xul,16,NecromancerTalentAndarielsVisage
Xul,16,NecromancerTalentBoneSpear
Xul,16,NecromancerTalentWeaken
Xul,20,NecromancerTalentColdHandOfDeath
Xul,20,NecromancerTalentKalansEdict
Xul,20,NecromancerTalentMortalWound
Yrel,1,YrelDauntless
Yrel,1,YrelMaraadsInsight
Yrel,1,YrelVindicationLightOfKarabor
Yrel,4,YrelAvengingWrathAegisOfLight
Yrel,4,YrelDivinePurposeGiftOfTheNaaru
Yrel,4,YrelHandOfFreedom
Yrel,4,YrelVindicationLightOfKarabor
Yrel,7,YrelAvengingWrathHolyAvenger
Yrel,7,YrelDivinePurposeGiftOfTheNaaru
Yrel,7,YrelDivineSteed
Yrel,7,YrelRighteousHammerRighteousMomentum
Yrel,10,YrelArdentDefender
Yrel,10,YrelRighteousHammerRighteousMomentum
Yrel,10,YrelSacredGround
Yrel,13,YrelAvengingWrathRepentance
Yrel,13,YrelRighteousHammerTemplarsVerdict
Yrel,13,YrelVelensChosen
Yrel,13,YrelVindicationAldorPeacekeeper
Yrel,16,YrelArdentDefenderWordOfGlory
Yrel,16,YrelDivinePurposeDivineFavor
Yrel,16,YrelHolyWrath
Yrel,20,YrelSacredGroundHallowedGround
Yrel,20,YrelSeraphim
Zagara,1,ZagaraMasteryCorpseFeeders
Zagara,1,ZagaraMasteryInfest
Zagara,1,ZagaraMasteryVolatileAcid
Zagara,4,ZagaraCombatStyleMedusaBlades
Zagara,4,ZagaraMasteryEnvenomedSpines
Zagara,4,ZagaraMasterySerratedSpines
Zagara,7,ZagaraMasteryBanelingMassacre
Zagara,7,ZagaraMasteryBileDrop
Zagara,7,ZagaraViscousAcid
Zagara,10,ZagaraHeroicAbilityDevouringMaw
Zagara,10,ZagaraHeroicAbilityNydusAssault
Zagara,13,GenericTalentSpellShield
Zagara,13,ZagaraMasteryCorrosiveSaliva
Zagara,13,ZagaraMasteryHydraliskTransfusion
Zagara,13,ZagaraMasteryProtectiveCoating
Zagara,16,ZagaraJaggedBarbsTalent
Zagara,16,ZagaraMasteryMutalisk
Zagara,16,ZagaraMasteryTyrantMaw
Zagara,20,ZagaraBroodmother
Zagara,20,ZagaraMasteryCorrosiveSaliva
Zagara,20,ZagaraMasteryEndlessCreep
Zagara,20,ZagaraPackInstinct
Zarya,1,ZaryaParticleGrenadeDemolitionsExpertQuest
Zarya,1,ZaryaShieldAllyTogetherWeAreStrong
Zarya,1,ZaryaWeaponFeelTheHeat
Zarya,4,ZaryaEnergyMaximumChargeQuest
Zarya,4,ZaryaPersonalBarrierIAmTheStrongest
Zarya,4,ZaryaShieldAllyGiveMeTwentyQuest
Zarya,7,ZaryaDefensiveShielding
Zarya,7,ZaryaParticleGrenadePinpointAccuracy
Zarya,7,ZaryaShieldAllySpeedBarrier
Zarya,10,ZaryaDeepBurn
Zarya,10,ZaryaPersonalBarrierExplosiveBarrier
Zarya,13,ZaryaHeroicAbilityExpulsionZone
Zarya,13,ZaryaHeroicAbilityGravitonSurge
Zarya,13,ZaryaPersonalBarrierSpellBarrier
Zarya,13,ZaryaPersonalBarrierUnstoppableCompetitor
Zarya,13,ZaryaShieldAllyTogetherWeAreStrong
Zarya,16,ZaryaEnergyEnduranceTraining
Zarya,16,ZaryaPainIsTemporary
Zarya,16,ZaryaShieldAllyCleansingShield
Zarya,20,ZaryaEnergyBornInBattle
Zarya,20,ZaryaExpulsionZoneClearOut
Zarya,20,ZaryaGravitonSurgeGravityKills
Zarya,20,ZaryaParticleGrenadePinpointAccuracy
Zarya,20,ZaryaShieldAllyGainTrain
Zeratul,1,ZeratulMasteryGreaterCleaveCleave
Zeratul,1,ZeratulMoveUnseen
Zeratul,1,ZeratulShadowHunter
Zeratul,4,ZeratulDarknessDescends
Zeratul,4,ZeratulPsionicStrength
Zeratul,4,ZeratulRendingCleave
Zeratul,7,ZeratulSeekerInTheDark
Zeratul,7,ZeratulWarpSkirmisherTalent
Zeratul,7,ZeratulWormhole
Zeratul,10,ZeratulHeroicAbilityVoidPrison
Zeratul,10,ZeratulMightOfTheNerazim
Zeratul,13,GenericTalentSpellShield
Zeratul,13,ZeratulDarknessDescends
Zeratul,13,ZeratulMasterWarpBlade
Zeratul,13,ZeratulMendingStrikes
Zeratul,13,ZeratulShroudofAdun
Zeratul,16,ZeratulSentencedtoDeath
Zeratul,16,ZeratulTwilightFalls
Zeratul,16,ZeratulVoidSlash
Zeratul,20,ZeratulShadowMending
Zeratul,20,ZeratulShadowStrideTalent
Zeratul,20,ZeratulUnwaveringPressure
Zeratul,20,ZeratulWarpSkirmisherTalent
Zul'jin,1,ZuljinBoneslicer
Zul'jin,1,ZuljinHeadhunter
Zul'jin,1,ZuljinRecklessness
Zul'jin,4,Zul'jinAmaniRageAmaniHide
Zul'jin,4,ZuljinHeadhunter
Zul'jin,4,ZuljinTrollsBlood
Zul'jin,4,ZuljinVoodooShuffle
Zul'jin,7,ZuljinArcaniteAxes
Zul'jin,7,ZuljinFerocity
Zul'jin,7,ZuljinTrollsBlood
Zul'jin,7,ZuljinViciousAssault
Zul'jin,10,ZuljinArcaniteAxes
Zul'jin,10,ZuljinGuillotine
Zul'jin,10,ZuljinTazdingo
Zul'jin,13,ZuljinEnsnare
Zul'jin,13,ZuljinEyeOfZuljin
Zul'jin,13,ZuljinLacerate
Zul'jin,13,ZuljinNoMercyTalent
Zul'jin,13,ZuljinTazdingo
Zul'jin,16,ZuljinAmaniResilience
Zul'jin,16,ZuljinLetTheKillingBegin
Zul'jin,16,ZuljinWrongPlaceWrongTime
Zul'jin,20,ZuljinBuzzsaw
Zul'jin,20,ZuljinForestMedicine
Zul'jin,20,ZuljinPassiveASurpriseForYa